FailureID,Loco,FailureDate,FaultTime,FaultText,FaultCode,Processor,Vendor
4649392,30751,17/12/2024,2024-12-16 02:19:58,FLG1:0092-Alarm chain pulling,92,20,LotusWireless
4649392,30751,17/12/2024,2024-12-16 02:19:58,FLG1:0092-Alarm chain pulling,92,20,LotusWireless
4649392,30751,17/12/2024,2024-12-16 02:19:58,FLG1:0092-Alarm chain pulling,92,20,LotusWireless
4649392,30751,17/12/2024,2024-12-16 02:19:58,FLG1:0092-Alarm chain pulling,92,20,LotusWireless
4649392,30751,17/12/2024,2024-12-16 02:19:58,FLG1:0092-Alarm chain pulling,92,20,LotusWireless
4649392,30751,17/12/2024,2024-12-16 02:19:59,FLG1:0092-Alarm chain pulling,92,20,LotusWireless
4649392,30751,17/12/2024,2024-12-16 02:19:59,FLG1:0092-Alarm chain pulling,92,20,LotusWireless
4649392,30751,17/12/2024,2024-12-16 02:19:59,FLG1:0092-Alarm chain pulling,92,20,LotusWireless
4649392,30751,17/12/2024,2024-12-16 02:19:59,FLG1:0092-Alarm chain pulling,92,20,LotusWireless
4649392,30751,17/12/2024,2024-12-16 02:19:59,FLG1:0092-Alarm chain pulling,92,20,LotusWireless
4649392,30751,17/12/2024,2024-12-16 09:32:29,FLG1:0037-S/R interlock - brake cock,37,20,LotusWireless
4649392,30751,17/12/2024,2024-12-16 09:32:29,FLG1:0037-S/R interlock - brake cock,37,20,LotusWireless
4649392,30751,17/12/2024,2024-12-16 09:32:29,FLG1:0037-S/R interlock - brake cock,37,20,LotusWireless
4649392,30751,17/12/2024,2024-12-16 09:32:29,FLG1:0037-S/R interlock - brake cock,37,20,LotusWireless
4649392,30751,17/12/2024,2024-12-16 09:32:29,FLG1:0037-S/R interlock - brake cock,37,20,LotusWireless
4649392,30751,17/12/2024,2024-12-16 15:58:19,,121,20,LotusWireless
4649392,30751,17/12/2024,2024-12-16 15:58:19,,121,20,LotusWireless
4649392,30751,17/12/2024,2024-12-16 16:08:43,FLG1:0117-Power off of MCE,117,20,LotusWireless
4649392,30751,17/12/2024,2024-12-16 16:09:27,,121,20,LotusWireless
4649392,30751,17/12/2024,2024-12-16 17:02:33,,121,20,LotusWireless
4649392,30751,17/12/2024,2024-12-16 17:29:48,STB1:0009-Rotary switch bogie 1 cut out,9,26,LotusWireless
4649392,30751,17/12/2024,2024-12-16 17:30:19,FLG1:0094-SS02 traction bogie1 off,94,20,LotusWireless
4649392,30751,17/12/2024,2024-12-16 20:38:59,,121,20,LotusWireless
4649392,30751,17/12/2024,2024-12-16 20:38:59,STB1:0009-Rotary switch bogie 1 cut out,9,26,LotusWireless
4649392,30751,17/12/2024,2024-12-16 20:39:02,FLG1:0094-SS02 traction bogie1 off,94,20,LotusWireless
4649392,30751,17/12/2024,2024-12-18 13:41:55,FLG1:0091-Power on of MCE,91,20,LotusWireless
4649392,30751,17/12/2024,2024-12-18 13:41:55,FLG1:0091-Power on of MCE,91,20,LotusWireless
4649392,30751,17/12/2024,2024-12-18 13:41:55,FLG1:0091-Power on of MCE,91,20,LotusWireless
4649392,30751,17/12/2024,2024-12-18 13:41:55,STB1:0009-Rotary switch bogie 1 cut out,9,26,LotusWireless
4649392,30751,17/12/2024,2024-12-18 13:41:55,FLG1:0091-Power on of MCE,91,20,LotusWireless
4649392,30751,17/12/2024,2024-12-18 13:41:55,FLG1:0091-Power on of MCE,91,20,LotusWireless
4649392,30751,17/12/2024,2024-12-18 13:41:55,FLG1:0091-Power on of MCE,91,20,LotusWireless
4649392,30751,17/12/2024,2024-12-18 13:41:55,STB1:0009-Rotary switch bogie 1 cut out,9,26,LotusWireless
4649392,30751,17/12/2024,2024-12-18 13:41:55,STB1:0009-Rotary switch bogie 1 cut out,9,26,LotusWireless
4649392,30751,17/12/2024,2024-12-18 13:41:59,FLG1:0094-SS02 traction bogie1 off,94,20,LotusWireless
4649392,30751,17/12/2024,2024-12-18 13:41:59,FLG1:0094-SS02 traction bogie1 off,94,20,LotusWireless
4649392,30751,17/12/2024,2024-12-18 13:41:59,FLG1:0094-SS02 traction bogie1 off,94,20,LotusWireless
4649392,30751,17/12/2024,2024-12-18 13:47:43,SLG2:0060-PECInt2 internal PS fail,60,70,LotusWireless
4649392,30751,17/12/2024,2024-12-18 13:47:43,SLG2:0060-PECInt2 internal PS fail,60,70,LotusWireless
4649392,30751,17/12/2024,2024-12-18 13:47:43,SLG2:0060-PECInt2 internal PS fail,60,70,LotusWireless
4649392,30751,17/12/2024,2024-12-18 13:47:45,STB1:0008-MCB of compressor 1 open,8,26,LotusWireless
4649392,30751,17/12/2024,2024-12-18 13:47:45,STB1:0008-MCB of compressor 1 open,8,26,LotusWireless
4649392,30751,17/12/2024,2024-12-18 13:47:45,STB1:0008-MCB of compressor 1 open,8,26,LotusWireless
4649392,30751,17/12/2024,2024-12-18 13:47:46,HBB1:0011-Scav. oil cooler MCB open,11,28,LotusWireless
4649392,30751,17/12/2024,2024-12-18 13:47:46,HBB1:0011-Scav. oil cooler MCB open,11,28,LotusWireless
4649392,30751,17/12/2024,2024-12-18 13:47:46,HBB1:0011-Scav. oil cooler MCB open,11,28,LotusWireless
4649392,30751,17/12/2024,2024-12-18 13:48:47,HBB1:0015-Fuse 415/110V circuit blown,15,28,LotusWireless
4649392,30751,17/12/2024,2024-12-18 13:48:47,HBB1:0015-Fuse 415/110V circuit blown,15,28,LotusWireless
4649392,30751,17/12/2024,2024-12-18 13:48:47,HBB1:0015-Fuse 415/110V circuit blown,15,28,LotusWireless
4649392,30751,17/12/2024,2024-12-18 13:49:19,SLG2:0060-PECInt2 internal PS fail,60,70,LotusWireless
4649392,30751,17/12/2024,2024-12-18 13:49:19,SLG2:0060-PECInt2 internal PS fail,60,70,LotusWireless
4649392,30751,17/12/2024,2024-12-18 13:49:19,SLG2:0060-PECInt2 internal PS fail,60,70,LotusWireless
4649392,30751,17/12/2024,2024-12-18 13:49:22,SLG2:0060-PECInt2 internal PS fail,60,70,LotusWireless
4649392,30751,17/12/2024,2024-12-18 13:49:22,SLG2:0060-PECInt2 internal PS fail,60,70,LotusWireless
4649392,30751,17/12/2024,2024-12-18 13:49:22,SLG2:0060-PECInt2 internal PS fail,60,70,LotusWireless
4649392,30751,17/12/2024,2024-12-18 14:01:38,FLG1:0091-Power on of MCE,91,20,LotusWireless
4649392,30751,17/12/2024,2024-12-18 14:01:38,STB1:0009-Rotary switch bogie 1 cut out,9,26,LotusWireless
4649392,30751,17/12/2024,2024-12-18 14:01:38,FLG1:0091-Power on of MCE,91,20,LotusWireless
4649392,30751,17/12/2024,2024-12-18 14:01:38,STB1:0009-Rotary switch bogie 1 cut out,9,26,LotusWireless
4649392,30751,17/12/2024,2024-12-18 14:01:45,FLG1:0094-SS02 traction bogie1 off,94,20,LotusWireless
4649392,30751,17/12/2024,2024-12-18 14:01:45,FLG1:0094-SS02 traction bogie1 off,94,20,LotusWireless
4616384,39117,30/11/2024,2024-12-01 09:30:24,Emergency brake pressure sw.,19,20,LotusWireless
4616384,39117,30/11/2024,2024-12-01 09:30:24,Emergency brake pressure sw.,19,20,LotusWireless
4616384,39117,30/11/2024,2024-12-01 09:30:24,Emergency brake pressure sw.,19,20,LotusWireless
4616384,39117,30/11/2024,2024-12-01 09:30:24,Emergency brake pressure sw.,19,20,LotusWireless
4616384,39117,30/11/2024,2024-12-01 09:30:24,Emergency brake pressure sw.,19,20,LotusWireless
4616384,39117,30/11/2024,2024-12-01 09:30:24,Emergency brake pressure sw.,19,20,LotusWireless
4616384,39117,30/11/2024,2024-12-01 09:30:24,Emergency brake pressure sw.,19,20,LotusWireless
4616384,39117,30/11/2024,2024-12-01 09:30:24,Emergency brake pressure sw.,19,20,LotusWireless
4616384,39117,30/11/2024,2024-12-01 09:30:24,Emergency brake pressure sw.,19,20,LotusWireless
