"FailureID","Loco","Date","Equipment","Label","Confidence","FailureSummary"
"4679812","30365","31/12/2024","Traction Motor G9P7","LEVEL_2","HIGH","DE side  winding flashed; LP INFORMED  AT KM/NO-238/17 BETWEEN BLS-NGRD AT 03.00 HRS SMOKE FOUND IN TM-3. F/M-F0213P2 APPEARED. TRAIN STOPPED AT 00.00 HRS, THEN BOGIE-1 ISOLATED, MCE ON, TRAIN STARTED AT 00.07 HRS. CLI J K NAYAK F/PLATE IN LOCO. AGAIN LP INFORMED TO TLC SOME VIBRATION SOUND FOUND IN REAR TM-3. TRAIN CONTROLLED AT SFO M/L BUT NO ABNORMALITY  FOUND. TRAIN STOPPED AT SFO M/L AT 00.34 - 00.37 HRS. THEN TRAIN STARTED. Loco arrived at ELS/GZB on 11.01.25. TM-3 checked found winding bu"
"4664942","43276","24/12/2024","Traction Motor G9P7","LEVEL_2","HIGH","TM torque arm bolt; TM-1 arm torque upper bolt missing. Conclusion:- Probably during fitment of TM-01 torque arm bolts were not properly tightened, caused above trouble.  TM torque arm bolt"
"4650283","37619","17/12/2024","Traction Motor G9P7","LEVEL_1","HIGH","TM bearing seized; As per LP CTO at DDU Bogie-2 isolated condition. DDU/TLC inform  to TLC/DHN at time 06.00.TLC/DHN advice to TLC/DDU loco change at DDU.As per TLC/DDU  no loco available at GYA or DDU. So bogie-2 isolated condition proceed (Bogie-2 isolated at PM/Dli/NR) give message F0306P1 and MCB 63.1/2.Trip due SR2 oil pressure 0.1kg/cm² showing finally bogie-2 isolated. After rrival DDU, as per TLC/DDU three time CE off and BA off on date - 16.12.24 but not success.                        "
"4649392","30751","17/12/2024","Traction Motor G9P7","LEVEL_1","HIGH","TM bearing seized; System: Analysis Not Required   TM bearing seized"
"4648950","43016","16/12/2024","Traction Motor G9P7","LEVEL_1","HIGH","TM bearing seized; RESOLVED TM-1 labyrinth came out.  TM bearing seized"
"4645469","43368","14/12/2024","Traction Motor G9P7","LEVEL_1","HIGH","Outer Labrynth Displaced/ Rubbing (Reqd. to add in Bearing); 1ST INFORMATION BY LP OVER CUG AT 01:46 HRS. SWR THROUGH PASS AT 01:12 HRS (FROM DN LINE TO 3RD LINE). LPH THROUGH PASS  AT 01:22 HRS. WHILE LPH PASSING LP EXPERIENCE TM-1 ISOLATE. BETWEEN LPH- CKP , LP EXPERIENCE BURNING SMELL COMING FROM UNDERGEAR. SAME CONDITION  CKP ARRIVAL AT 01:35 HRS AT PF/NO-3 (L/NO-4). ON CHECKING FOUND AXLE NO-1  LOCKED. LP DEMAND RELIEF LOCO AT 01:50 HRS. DSL LOCO NO - 12612/BNDX ATTACHED IN REAR AT 03:05 HR"
"4639920","32281","12/12/2024","Traction Motor G9P7","LEVEL_1","HIGH","Pinion shaft broken; O/G LP CTO at GAYA W/C at 07/00 hrs,DEP- 07/54, After DEP, LP reported to TLC/DDU that,On run, abnormal sound come from under frame (near w/no- 12), so LP stop the train at KSTA from 08:15- 08:17 hrs on through signal. Then check & found that in TM-6 net, some stone pack.TLC/DDDU advice to GC-2 & LP that this train will run in IR for check at DDU/YD, but CPBH H/S off from 10/47-10/55 for DFCC,then S/P/B- 10:56 & again S/L- 11:05 for I/R , As per GC-1 board, PSE station repor"
"4635100","37282","10/12/2024","Traction Motor G9P7","LEVEL_1","HIGH","TM bearing seized; (LP try to release by DV, release spindle & both bogie coc closed, also coc no. 94 closed but not success. Traction Bogie-2 isolate but not success. Then at 04.42, LP removed brake block HWH/End of Wheel no. 12 with the help of hammer & chisel. At 04.46, CLI/TDL Sri G. P. Singh reached at site by 12303 and reported that Wheel no. 12 is not moving (i.e. axle no. 6) & reported axle no. 6 locked & material chipped on Wheel no. 12. Hence EP withdrawal at 05.00 & CLI/TDL Sri Badri "
"4616384","39117","30/11/2024","Traction Motor G9P7","LEVEL_2","HIGH","DE side  winding flashed; Train arrived at DDU PF no.03 at 21:41 hrs, S/L- 21:55,dep- 22:00.Train stopped, after passing Str.Signal at 22:01 due to TM-03 fire. LP used Fire extinguisher then fire vanished. Loco back start at 22:17 & arrived under str sig at 22:20 hrs. loco detach at 22:29  & send to O/S. Loco no.32875/DDU offer ex E/B/L at 22:06. O/L- 22:40 hrs, P/R- 22:50, S/L- 22:58,dep- 22:59 hrs. As per LI/DDU, smoke emission from TM-3. After arrival of loco at ELS/GMO, TM-3 taken out from s"
"4616355","30341","30/11/2024","Traction Motor G9P7","LEVEL_1","HIGH","Outer Labrynth Displaced/ Rubbing (Reqd. to add in Bearing); System: Analysis Not Required Observation/Investigation: Failed TM (TM6) dismantled at EDE. The following points observed.  DE outer labyrinth came out from its seating area and rotated in its seating area of shaft. Pinion came out from its initial fitted position about 5.5mm. Roller cage was not having any breakage and deformation.  End frame bore and outer race OD have slight scoring mark. Inner race having Impression of rollers.  & "
"4609179","30675","27/11/2024","Traction Motor G9P7","LEVEL_1","HIGH","TM bearing seized; Attended in E1 Section jobcard 065 during loco 30675 visit for Special Repair on Dec  5 2024  3:33PM. 1.TM -3 DE bearing seized. 2.Gear case dropped, Oil level was 5 ltrs approx. 3.Outer labyrinth found shifted from its position. 4.DE end frame, Outer labyrinth and Bearing cap DE dismantled. 5.Bearing inner ring and roller found deformed and discoloured due to overheating. 6.Pitting/smearing found on 1/3rd portion of all roller and corresponding portion of Inner race track/rac"
"4610095","30319","27/11/2024","Traction Motor G9P7","LEVEL_1","HIGH","Outer Labrynth Displaced/ Rubbing (Reqd. to add in Bearing); System: Analysis Not Required 30319/TM No.2 Date of overhaul 10.12.21 (POH/BSL) DE Bearing T-227 FAG-GER Comm dt:10.12.21 Labyrinth type: ABB original drawing, 4) last greasing done: full greasing on 20.11.2024 (during IA) 5) Metal content (DE) : TM2, 30mg (during IA )  Outer Labrynth Displaced/ Rubbing (Reqd. to add in Bearing)"
"4591315","41733","18/11/2024","Traction Motor G9P7","LEVEL_1","HIGH","DE Bearing Seize) (Reqd. to add in Bearing); TRAIN N/DTV I/C EX BSP. TAKEN OVER AT 23.20H (DT 17/11/24) AT JSG. AS PER TLC/BSP-09, LOCO 32930 TM-5 + CP-2 ISOLATED. LP INFORMED FROM MCL SIDING AT 13.40H THAT LOAD CLEARED FROM SIDING TO MCL LINE NO-2. AT THE TIME OF LOAD CLEARING, SMR/MCL TOLD OVER VHF THAT FRONT WHEEL NOT MOVE. ON CHECKING BY ALP, FOUND SOME TIMES WHEEL NO-11 & 12 (AXLE NO- 6) NOT MOVED IN FORWARD DIRECTION AND REVERSE DIRECTION NORMALLY MOVED. ADVISED E/EX + CLI/JSG TO PROCEED T"
"4590688","37373","18/11/2024","Traction Motor G9P7","LEVEL_1","HIGH","Outer Labrynth Displaced/ Rubbing (Reqd. to add in Bearing); Train No.12841, While approaching DIG (Duggirala) LP observed smoke & burning smell coming from under truck. LP check and found Axle-2 got locked. Fresh loco given. Observation/Investigation: TM2 was dismantled at EDE and the following points observed. Outer labyrinth came out and seating area of shaft is scored. Outer racer surface seating area with End Shield bore is not having any scoring marks.  DE bearing rollers found overheated "
"4587247","37508","17/11/2024","Traction Motor G9P7","LEVEL_1","HIGH","TM bearing seized; Attended in E1 Section jobcard 016 during loco 37508 visit for IC on Jan  5 2025  3:45PM. •TM4 DE side bearing seized. •Outer labyrinth found shifted from original position. •DE end frame, Outer labyrinth and Bearing cap DE dismantled. •Scoring on outer labyrinth seat. •All rollers found groove marks. •Bearing cage deformed plastically. •Inner race found deep groove mark. •Complete investigation report and traction motor detail is attached with this OPR.  TM bearing seized"
"4585322","33835","16/11/2024","Traction Motor G9P7","LEVEL_1","HIGH","DE side deflector displaced; Investigation- Joint checking report of CLI- A K Maity/SCLN and JE/G- Mahendra Kotangale Observation- As per LP reported burning smell/smoke coming from TM1 gear case side and gear case oil spread over. So checked gear case and TM1 and check temperature found normal. Open TM1 gear case oil (cardium compound). Found oil level normal and check smell found that there is burning smell coming from TM-1 gear case oil. Checked all TMs temperature normal. Suspected deflector"
"4541444","33516","25/10/2024","Traction Motor G9P7","LEVEL_1","HIGH","TM bearing seized; As per TLC proceed to NRZB to attend loco no 33516(TKD) for TM-1 smoke emission, joint checked along with CLI /SDL Shri Suresh Chandra TM-1 gear case oil normal and burning smell coming from Tm-1 and checked wheel movement found wheel no 1 and 2 not moving both direction 2-time and again checked wheel movement found wheel movement freely so consulted SSE/ TKD shed actual cause will be found out after TM-1 gear case cover opening, so Loco marked TR.   TM bearing seized"
"4538631","37544","24/10/2024","Traction Motor G9P7","LEVEL_1","HIGH","DE Bearing Seize) (Reqd. to add in Bearing); JOINT EXAMINATION DONE AT DLS/GY BY SSE/DLS/GY, ADME/DLS/GY, CLI/GY SUSPECTING TRACTION MOTOR DRIVE END SIDE BEARING SEIZED. SAME HAS BEEN INFORMED TO HOME SHED ELS/ED FOR TAKING FURTHER ACTIONS Cause of Failure:  1. Due to crack in end frame, rotation of outer racer in the end frame housing might have happened, Both the end frame inner bore & outer race                                       surface got scored heavily. Which in turn might have caused "
"4537272","33574","23/10/2024","Traction Motor G9P7","LEVEL_2","HIGH","DE side deflector displaced; CREW SHORTAGE During shed investigation of loco, labyrinth of TM4 found out 5-6 mm from its original position and rotor movement found jammed due to which TM’s rotation movement stopped and due to frictional heat generation, smoke noticed. Loco 33574/VTA, WAG-9, IC 15-9-24, DOC 20-11-22, HRPT, Propulsion Medha,  TM-4 Mfg 06/2022, Make CLW, SN 16303 Axle box greasing and UST done on 15-9-24  Train FUT/NMG  LP stop train at BET (BARETH) main line at 12.45 & reported sm"
"4536532","32054","23/10/2024","Traction Motor G9P7","LEVEL_1","HIGH","DE Bearing Seize) (Reqd. to add in Bearing);  Loco no 32054 working with train GHH/MDCC/DS was stopped  on 23/10/24 on line at km No. 716/26 between section SIMN-PNUN in DFCC Division of WDFC due to working LP observed smoke from undergear further checked & found heavy smoke was coming from TM-4 hence fire extinguishers used by LP after some time smoke got disappear,again tried for move to load but jerk observed due to axle locked, load detached and put back for SIMN from relief loco.CLI/PNUN ar"
"4522998","38588","17/10/2024","Traction Motor G9P7","LEVEL_1","HIGH","DE side deflector displaced; SMOKE FROM GC-6 Loco no 38588 was failed on17/10/24 in NGP Division of C Rly due to LP have taken charge at BPK( BHUGAON) 3rd line as stable condition& start after ready and stopped at KM 768/B/8A and working LP observed smoke emission from undergear. Further LP checked found smoke coming from TM-6 gear case but temp checked found normal after 03 minute smoke got disappeared hence ready from spot and arrived CHJC( Chitoda) 3rd line & loco detached and kept at BPK 3rd"
"4522226","32562","16/10/2024","Traction Motor G9P7","LEVEL_1","HIGH","TM bearing seized; WHEEL NO 3 AND 4  NOT MOVING , TM-2 PINION REMOVED Loco arrived at ELS/BL on dt.19/10/24 in working condition. Loco was checked and found TM-2 pinion cut out condition due to deflector plate came out ,TM-2 changed and defective TM dismantled in section and following observations noticed-   •No signs of oil ingress, oil condition found normal, no metallic part found in gear case. •The condition of inner Race is normal i.e. no signs of Rollers impact on inner race. •Crack on the"
"4485765","33734","27/09/2024","Traction Motor G9P7","LEVEL_1","HIGH","Misc; 07.45 Hrs- FIR by LP. 06.36 Hrs- TLHR dep. 06.41 Hrs- NTPC dep through. 07.36 Hrs- Train stopped at km no 490/35 in between TLHR-JNC due to automatically Tr.Bogie-1 isolated with massage F0201P1. So Loco could not houl the section in 3TM Single loco. So LP off/On the battery and wait for 5 mins, then loco ready in 5 TM. 07.50 Hrs- Train back towards TLHR up to Home Signal at km no 491/41 with same loco in 5 TM. 08.05 Hrs- Arr at Home Signal TLHD and waiting for Signal. 09.41 Hrs- Home sign"
"4479286","37044","24/09/2024","Traction Motor G9P7","LEVEL_1","HIGH","TM bearing seized; LP INFORMED TO TLC AT ATH THAT FAULT NO. KPRJ 41710  BON ARR 13.40 HRS DET DUE TO LOCO TROUBLE & POWER FAILED & DUE TO LOAD NOT WORKING THEN P/CHANGE  .27896 F0208 P2 TRACTION BOGIE /01 MOTOR 01, ISOLATE BOGIE /1 THEN ACKNOWLEDGE TB-1 ISOLATE AGAIN MCE OFF AND ON AGAIN TB-1 ISOLATE DUE TO ECXESS LOAD AND ANOTHER LOCO DEMANDED. AND INFORMED TO DY MOVEMENT THIS LOCO WORK IN LIGHT LOAD. Loco arrived at shed on 28/10/2024 and as per Report of  Axle-5 Lock at SWM station (Kota Divi"
"4464149","39026","17/09/2024","Traction Motor G9P7","LEVEL_1","HIGH","DE Bearing Seize) (Reqd. to add in Bearing); 04:21Train passed PWL -  BT 05:32  - 06:00Train arrival /dep. NDLS 07''/20 '' late 08:13Train passed DHKR   11'' late ASM / DHKR reported that smoke in loco  08:20Train arrived at DPP 16:00'' late 08:25LPM reported that smoke from TM-3 and traction bogie -1 isolate ex DWNA. Advise to him that loco to be detach and shunt in HOT AXLE siding. 08:28Loco failed and required assisting loco  08:45Points man arrived on loco  09:17Loco no. 39026 detach from t."
"4463918","33734","17/09/2024","Traction Motor G9P7","LEVEL_1","HIGH","DE Bearing Seize) (Reqd. to add in Bearing); Made over to SBP division on 19.09.24 at 09:25 hrs working MAAL BTAP, with 5TM working. Loco no.33734 was failed on17/09/24 on line at KKGM in WAT Division of ECO Rly after passing LKMR between LKMR- KKGM, LP observed smoke emission from under gear of loco 33734. LP section cleared to KKGM R-02 with cautious speed. At KKGM LP checked & suspected Axle No.2 (wheel No.3 & 4) locked. ELS VSKP Maintenance staff arrived at KKGM for attend to loco and remove"
"4463548","30642","17/09/2024","Traction Motor G9P7","LEVEL_1","HIGH","DE Bearing Seize) (Reqd. to add in Bearing); 21.48 - FIRST INFORMATION BY FOOTPLATE CLI S.L. DANGI (BRC)  EX SAMLAYA(BRC-GDA)            THAT TRAIN NO 12951 LOCO NO 30642/BRC SMOKE NOTICED FROM TM-6 EX BH            (BHARIUCH) (BRC DIV).LOCO CHECKED AT BRC BY CLI S.L. DANGI & TRS BRC.FOOTPLATE            CLI ISOLATED TRACTION BOGIE-2 EX PIO (PILOL) (BRC-GDA) BY SWITH 154. 22.20 - AS PER FOOTPLATE CLI NO SMOKE NOTICED FROM TM-6 EX BRC TO GDA 22.22 - TRAIN 12951 T/O EX GDA LATE BY 02 As per TM obs"
"4460219","39114","15/09/2024","Traction Motor G9P7","LEVEL_1","HIGH","TM bearing seized; 08:11hrs Train through passed at NRO. 08:27 hrs Train arrived at MQS on PF no. 02 (main line). 08:35 hrs LP reported ex.MQS while moving  the train and found wheel no.2 axle no.1 lock. 08:40 hrs Loco declared failed and memo given to traffic controller for relief loco. 08:43 hrs Message given to SSE/Loco/Juc to send CLI at MQS. 08:50 hrs Relief loco(43474/BGKT) arranged ex. KXH. 08:53 hrs Message given to PPIO/LDH to send staff at MQS. 09:27 hrs Loco detached from load at MQS."
"4453192","33636","11/09/2024","Traction Motor G9P7","LEVEL_1","HIGH","TM bearing seized; LP EXPERIENCE CONTINUE WHEEL SLIP & SHOWING TM 1 STATUS RED ON DDS ON ARRIVAL SEG LOOP LINE LP NOTICED SMOKE FROM TM 1,CLI REPORTED TM-1 AXLE LOCKED,BSL MOH SSE REP TM-1 LIBRENTH RING CAME OUT 16.00 HRS LOCO GIVEN READY AFTER TM-1 PINION CUT , LOCO RDY LELA TO BSL NORMAL SPPED WITH HALF TRACTION ( T/BO-1 ISO) Loco arrived at ELS/BL on dt. 17/09/24 in working condition ,loco was checked and found TM-1 pinion cut out condition ,TM changed . Removed TM dismantled and found bearin"
"4433964","43481","01/09/2024","Traction Motor G9P7","LEVEL_2","HIGH","DE side deflector displaced; 20.35 Train stop at 02/20 OHE post due to gate signal ON condition of gate no-01. LP feel that some smoke & burning smell comes out from under gear of loco. After that LP checked under gear & found smoke & burn comes from TM no-06 gear case. LP used fire extinguisher on the smoke & isolate bogie no-02. 20.51 LP start the Train from site after properly checking of under gear.  21.05 After arrived at NJP LP consult with BGKT/SHED he advice to fail the loco & push to ne"
"4429780","31165","30/08/2024","Traction Motor G9P7","LEVEL_2","HIGH","; Abnormal Sound Came From Under truck Bogie-2 Also Smoke Detected from Under Truck. Loco failed due to suspected defect inside TM-6 or gear case no.6. Loco checked by BD staff PUNE and on dropping gear case of TM-6, noticed that TM6 pinion was broken from neck portion and dropped inside GC. Hence, pinion removed and directed to home shed.  Loco arrived to ELS/LGD on 12.09.24 in working condition with TM-6 Pinion removed condition. Loco was examined and defective TM-6 replaced with good one.    "
"4408770","32114","19/08/2024","Traction Motor G9P7","LEVEL_1","HIGH","DE Bearing Seize) (Reqd. to add in Bearing); TO-AT TLHR 16:00 HRS. 19:31 Fir by loco pilot. 17:48 Train departure from TLHR R-2. 18:12 Train stop at UP H/SIGNAL of TLHD due to H/signal danger. 19:10 Train started after H/signal given off, after moved some extent LP experienced abnormal sound detected from Axle -5 wheel no 9,10 of loco, immediately LP stop the train informed to TMR and checked the engine. 19:15 After checked restart the train cautiously again experienced about sound from same axl"
"4404897","32695","17/08/2024","Traction Motor G9P7","LEVEL_1","HIGH","Pinion shaft broken; Train no:FD/SGWF, Loco No:32695/SBTD Note: TM-1 Isolated. 19:31 : Train arr to LDX 19:55 : Train dep from LDX in loop line with 30kmph 20:05 : Train stalled at Km no : 354/19 due to excess load and heavy rain and speed restriction of train is BPC is 45kmph 20:10 : FIR given by LP to TLC/SCR required banker loco  21:05: Banker LE dep from JMPT 21:25 : Banker Loco arrived site 21:30: Banker Loco made EOT in front of the train 21:50: Train dep from site along with banker loco P"
"4402640","37038","16/08/2024","Traction Motor G9P7","LEVEL_1","HIGH","DE Bearing Seize) (Reqd. to add in Bearing); 06.20 – Train through pass KSV. 06.29 – Train stopped at km no. – 1431/15 due to smoke seen during look back the load when observing caution of 40 kmph. 06.37 – LP reported to TLC/AGC that dep. ex Site after TB-1 isolate due to smoke seen from gear case no-1. 06.40 – Memo given to Dy/P that train receive in CHJ L/L & Loco detach immediate from load & placed in siding due to Loco fail & also advice to CLI Mr. Vishesh Meena to reach at CHJ. 06.48 – Trai"
"4375493","37361","03/08/2024","Traction Motor G9P7","LEVEL_1","HIGH","TM bearing seized; 17:39 hrs Train arrived at LNK station. 17:46 hrs While train departed ex. LNK, LP reported that he observed smoke from TM-3 of bogie-1. CLI/FZR Sh. Tufail ahmad already escorting the train. 17:50 hrs LP extinguished the fire by using small fire extinguisher LP tried to move the train after isolated bogie-1 by switch no. 154 but train not moved. CLI/FZR  Sh. Tufail ahmad also checked the loco and found axle no-3 locked. 17:55 hrs Memo given to traffic controller to arrange rel"
"4361526","37002","27/07/2024","Traction Motor G9P7","LEVEL_1","HIGH","DE Bearing Seize) (Reqd. to add in Bearing); Date.27.07.2024 Train no.82901 Load. 15/30 Loco no. 37002 Based shed. PA DOC.09.01.2018( AQ)  IOH.11.03.2023(AQ)  Loco Transfer from AQ shed to PA shed on date.18.05.2023 IC done.23.05.2024 TI.21.07.24( PA)  STR.25.07.24( NZM)  Prouplision.Medha B/ System. E-70 W/ CAB-2 Loco defects TM-5 Isolate from.25.07.2024 LP. Aditya Khopker ALP. Avdesh kumar HQ. BDTS Brief incidence LP informed ex KLV Loop Line at 17.08 hrs that while Entering in KLV Loop smoke "
"4340750","41575","16/07/2024","Traction Motor G9P7","LEVEL_2","HIGH","DE side deflector displaced; Crew given as per availability due to more AC+DSL division holding i.e ( AC 154 + 24 DSL) AGAINST (55 AC+ 45 DSL), This is resulting in an acute position of crew. 12 crew have completed 12 hours working, 32 sectional relief given and 354 Crew were booked for trains. 3. Enroute crew change cases are becoming more as trains are not reaching the crew change point with in stipulated duty hours because of precedence to coaching trains. In order to strictly comply 12 hours"
"4337394","30354","15/07/2024","Traction Motor G9P7","LEVEL_1","HIGH","DE Bearing Seize) (Reqd. to add in Bearing); SMOKE FROM UNDER TRUCK & AXLE NO 6 NOT MOVING TM-6 DE bearing seized.  DE Bearing Seize) (Reqd. to add in Bearing)"
"4315308","30514","04/07/2024","Traction Motor G9P7","LEVEL_1","HIGH","DE Bearing Seize) (Reqd. to add in Bearing); DUE TO SKIDDING SOUND COMING FROM TRACTION BOGIE-1. As per report , loco while working in train no. 12447  between VGLJ-KRQ ,after passing from VGLJ station LP experienced abnormal sound coming from underframe .Hence loco failed by TLC . Further CLI checked , on wheel no. 1  - 50*40 & wheel no.2 - 50-45 skidding mark found . Loco checked  at NZM  O/P by TKD staff & found TM1 metal content more . Loco directed to TKD shed for further attention . At TKD"
"4306991","33700","29/06/2024","Traction Motor G9P7","LEVEL_1","HIGH","DE Bearing Seize) (Reqd. to add in Bearing); LOCO FAILED DUE TO SMOKE IN TM-1 CHECK FOUND BOGIE -1 ISOLATED VIA ROTARY SWITCH ON 29/06/24 DUE TO SMOKE FROM TM-1 , FURTHER  TM-1 PINION CUT SO TM-1 TO BE CHANGED, BOTH CAB AC WKG NORMAL, INTERMITTENTLY  DATA LOGGED BUR-3 DC LINK OVERVOLTAGE & BUR-3 OFF , DURING CHECKING ALSO BUR-3 GOING UNDER ISOLATION WHEN VCB CLOSED & ERROR INDICATION COMING ON RECC CARD SO BUR-3 RECC CARD TO BE CHANGE BY AUX/ CGL, FEW MSG LOGGED E/F FILTER CKT IR CHECK OK, CAPAC"
"4305843","30320","29/06/2024","Traction Motor G9P7","LEVEL_2","HIGH","DE side  winding flashed; Attended in E1 Section jobcard 012 during loco 38215 visit for IC on Dec 13 2024  5:11PM.   DE side  winding flashed"
"4297396","33696","24/06/2024","Traction Motor G9P7","LEVEL_1","HIGH","DE Bearing Seize) (Reqd. to add in Bearing); 06.17: GDA Taken over  10.55: RTM Arrival  12.24: RTM departure  12.51: BOD arrival on line no 3.  13.00: LP reported smoke noticed from under truck gear case no. 2 after passing RTM 'E' cabin inner distant signal. Train stopped and checked. As per LP  smoke not coming now. Again smoke noticed after passing RTM 'E' cabin. Train stopped at BOD line no 3. At BOD LP reported loco not moving. Suspected axle lock.  TRAIN IOBP 35/2500 LOCO 33696/TKDE/WCR IB"
"4293186","31327","22/06/2024","Traction Motor G9P7","LEVEL_1","HIGH","Outer Labrynth Displaced/ Rubbing (Reqd. to add in Bearing); Loco-31327 (GMO) was attended by CLI/BJRI Sri S.B.Singh with Tech/OP/SDL Mr. Santosh Kumar and reported  As per TLC checked Loco for smoke emissions from TM-2 at BJRI at 13:30hrs, after checking found  No smoke emission but burning smell comes from TM-2, isolates Traction Bogie-1 by switch 154 and during shunting of Loco from L/No-3 to L/No-08 found Wheel is freely moves but burning smell still comes whereas Traction bogie-1 was isolat"
"4276998","30486","14/06/2024","Traction Motor G9P7","LEVEL_1","HIGH","DE Bearing Seize) (Reqd. to add in Bearing); 17.00 hrs NDLS dep RT  17.17 hrs LP stop the train at KM 6/28 due to UP train LP reported smoke in loco.  17.24 hrs 1. Due to improper play of roller in the cage resulted obstruction of free movement of roller in cage due to which gradually heat generated and resulted in Bearing seizure. 2. Due to uneven etching on inner race (material defect), there was gradual rise of temperature due to unwanted material between roller and inner race. This lead to g"
"4275730","32206","13/06/2024","Traction Motor G9P7","LEVEL_2","HIGH","DE side  winding flashed; LP REPORTED AT 14:59HRS. THAT TRAIN STOPPED BETWEEN DY-BXN DUE TO GATE SIG. WAS ON. AFTER STOPPED FAULT F0104P1 (CATENARY VOLTAGE OUT OF LIMIT) APPEARED ON DDS AND VCB OPEN, PANTO LOWERED WITH BP+MR PRESSURE DROPPED. LP ACK. THE FAULT AND CHECKED OHE VOLTAGE. IT WERE 27KV. HE ENERGIZED THE LOCO. BUT HE NOTICED THAT WKG CAB SIDE PANTO RAISED WHILE PANTO SELECTOR SWITCH WAS AUTO POSITION. HE CREATED MR AND BP PRESSURE. BUT WHEN MR PRESSURE WAS 7.0KG/CM2 AND BP PRESSURE WA"
"4264915","39119","08/06/2024","Traction Motor G9P7","LEVEL_2","HIGH","DE side  winding flashed; 1.At 09:00 hrs train departed from NTV. 2.At 09:23 hrs train arrived at LIR line no-1. 3.At 09:30 hrs LP informed after arrival at LIR he found smoke coming from traction motor no-2 gear case. 4.At 09:31 PNL counseled to LP to releasing of brake block and free movement of wheels & also advised to check axle box temperature. 5.At 09:35 hrs informed that brake blocks are released, wheels are moving freely and axle box temperature is normal. 6.At 09:37 hrs failure memo ser"
"4264866","31073","08/06/2024","Traction Motor G9P7","LEVEL_1","HIGH","Pinion shaft broken; Attended in INV Section jobcard 032 during loco 22582 visit for IA on Jul 21 2024  7:39PM. Loco earlier failed on 20.05.24. Loco arrived shed on 11.06.2024 , checked & found TR BG-1 isolate due to fault    SLG1- Temp. difference motors Bg 1 > Lm    ASC1- Error tachogenerator 2    FLG1- SS02 TR BG1 off    Further check TM 1,2,3 , found TM2 pinion parted .   Hence TM2 changed .  Pinion shaft broken"
"4264469","30583","07/06/2024","Traction Motor G9P7","LEVEL_2","HIGH","; As per helpline instrction LP reset twice TCU MCB, when again tripped helpline refuse to reset and arranged CLI/BAY to check the loco even CLI contacted helpline but refuse to reset and advice to work with only 6 traction motors Loco arrived to ELS/LGD on 08.06.24 in working condition with TM-2 isolation. Loco was examined and from the DDS, it was observed that during the occurence time, fault messages “LIC1/2 :Earth Fault  Level -1at T/F or TM Side, LIC1/2 :Earth fault Level 2 DCL Positive si"
"4258376","30632","04/06/2024","Traction Motor G9P7","LEVEL_1","HIGH","; Crew given as per availability due to more AC+DSL division holding i.e ( AC 168 + 39 DSL) AGAINST (55 AC+ 45 DSL), This is resulting in an acute position of crew. 6 crew have completed 12 hours working, 39 sectional relief given and 335 Crew were booked for trains. 3. Enroute crew change cases are becoming more as trains are not reaching the crew change point with in stipulated duty hours because of precedence to coaching trains. In order to strictly comply 12 hours duty as per board instructi"
"4252808","31038","01/06/2024","Traction Motor G9P7","LEVEL_2","HIGH","NDE side winding flashed; FP CLI Md M. Alam reported at 23:38 hrs that loco 31038 Tr. Bogie-1 isolate Ex SSM. When starting Ex SSM MCE+HBA off & on but loco not normal. As per Dy/G/CNL train arrived SSM at 23:20 hrs, S/L at 23:26 hrs but not started due to loco trouble, Sig Put back at 23:28 hrs. As per CLI after start ex SSM at 23:26 hrs DDS message came Disturbance in converter-1: Bogie-1 isolate, FLG10094- SS02+ F0201P1 & throttle not responded, manually MCB 127.1/1 trip + Switch no 194.1 on "
"4247443","37353","30/05/2024","Traction Motor G9P7","LEVEL_1","HIGH","DE Bearing Seize) (Reqd. to add in Bearing); Resolved - Due to heat generation there was grease starvation.  The inner race rotation is evident. Due to over heating of shaft, the heat was transmitted on inner race and inner race swelled and rotated. Due to the rotation the shaft rubbing seen and inner bearing stopper rubbing seen resultant TM4 DE side Bearing seize LP reported fault F0301P1(Disturabance in converter-2) and Traction bogie -2 was isolated between AST (Asoti ) and BVH(Ballabhgargh)"
"4247219","33038","29/05/2024","Traction Motor G9P7","LEVEL_1","HIGH","Pinion shaft broken; FINDINGS: Loco received from R div with TM-3 isolated without previous information. So after placement at JND4 loco marked TR to avoid section failure Attended in INVST Section jobcard 012 during loco 33038 visit for IA on Jun 24 2024 11:15AM. As per TLC BSP: 5TMs working.  Pinion shaft broken"
"4246013","31103","29/05/2024","Traction Motor G9P7","LEVEL_1","HIGH","DE End plate loose on shaft; SM/SKN reported smoke in loco no.-31103/AQ of Train no.-12237. Train stopped at-14:26 in block section before home signal of HRPG due to Axle lock of wheel no.-01 of loco. Train 12237 passed SKN-14:20. Informed to TLC/CNL & TXR/CNL & MTS/CNL At 16:40 train backed in line 04 loop line At 17:15 EOT, P/R 17:20 At 17:25 train 12237UP departed from HRPG. As per report, loco while working in train no. 12237 ,after passing SKN section train stopped at HRPG station .LP check"
"4237983","32134","25/05/2024","Traction Motor G9P7","LEVEL_1","HIGH","TM bearing seized; AFTER PASSING NEUTRAL SECTION . PENTO GRAPH SUDDEN LOWERED. MESSAGE CAME VCB STUCK UP ON POSITION AND CATENARY VOLTAGE OUT OF RANGE. TRAIN STOPPED AND MAKE MCE OFF / ON LOCO PUT RIGHT. During investigation found TM bearing seized. The reason of failure is excess heating of bearing due to either rubbing of its mating component or bearing self-defects and also Brass cage deformation lead in roller settled on Inner racer and stuck on its surface by making groove mark. This is a p"
"4227199","30507","20/05/2024","Traction Motor G9P7","LEVEL_2","HIGH","Misc; LP INFORMED EX DDR WHILE STARTING FAULT ( F0304P-2) AND SPEED NOT INCREASE MORE THAN 5 KMPH. MCE OFF/ ON THEN LOCO BECOME TO NORMAL. TM-6 ISOLATED CONDITION DUE TO PINION IS REMOVED CONDITION. WHILE PASSING FROM BOR LOOP LINE LP INFORMED AT 01.57 HRS HE NOTICED SMOKE FROM TM-4 SO STOPPED THE TRAIN AT MAIN LINE. AS PER LP AXLE NO-4 SUSPECTED RUNNING JAM. ADVISED HIM TRAIN TO BE BACK IN LOOP. TRAIN BACK IN LOOP LINE AT.02.02 HRS. RELIEF LOCO DEMAND AT 01.58 HRS. LOCO NO. Suspected due to end"
"4223199","37491","17/05/2024","Traction Motor G9P7","LEVEL_1","HIGH","DE Bearing Seize) (Reqd. to add in Bearing); TRAIN NO. 12951 LOAD – 21/42 – 1050T WKG CAB - 2 LP – ARUN KUMAR SINGH (BDTS) BUR – MEDHA SR – MEDHA BRAKE TYPE – E-70 BRIEF - 17:28 HRS – DY. PUNCTUALITY INFORMED TO TLC THAT SMOKE FROM LOCO OF 12951. 17:36 HRS – LP INFORMED TO TLC THAT TRAIN BETWEEN  KILE – BVI AT KM NO. 32/03 DUE TO THAT TM-6 , AXLE-6  WAS JAMMED. ADVISED LP TRY TO ISOLATE BOGIE - 2 ELECTRICALLY AND PNEUMATICALLY. BUT LP INFORMED THAT BOGIE IS VIBRATING AND SMOKE FROM TM-6. 17:37 H"
"4213883","33042","12/05/2024","Traction Motor G9P7","LEVEL_2","HIGH","Earth Fault in Stator winding; TM-1 IR'0' in U/Sch. After dismantle found stator winding flashed. This is an out of warranty material failure case found TM-1 IR 0 Mohm due to which bogie-1 isolated.  Earth Fault in Stator winding"
"4199130","32004","04/05/2024","Traction Motor G9P7","LEVEL_1","HIGH","TM bearing seized; Attended in PPIO Section jobcard 091 during loco 33503 visit for IA on Feb 18 2025  4:25PM.   TM bearing seized"
"4192769","32441","01/05/2024","Traction Motor G9P7","LEVEL_2","HIGH","; Up Train Con/GZB , Loco no- 27308/DDU , LP- Uday Mahto , H/Q- BRKA Inform to TLC/BRKA at 00/25 Hrs that Long Haul Dn Train Engine Smoke Seen and also Inform to Dn Train LP through VHF. TLC/BRKA at once Inform to  DY/BRKA and SEC.CNL/BRKA.                      Dn Train  L/ Haul LP Stop the Train at km no - 196/18 at 00/27 in Between RCGT- CTQ . LP - Jitendra Kumar-4 /DDU Check the Loco no-32441/BJU (1st Part of L/Haul) and found TM-6 Heavy Smoke so LP use F/Extinguisher , and LP Put TR.Bogi-2 I"
"4190943","37118","30/04/2024","Traction Motor G9P7","LEVEL_1","HIGH","DE Bearing Seize) (Reqd. to add in Bearing); At ADI TI shed siemens staff New software update, and loco cheched found normal. This loco has been checked jointly by CLI/ASH SSE/C & W and SS/ASH at ASH (Ashbaugh) station. As per their joint report Smoke was coming from traction motor no. 5.            On further checking at Gonda shed it was found that Traction motor no. 5 drive end bearing was found seized due to TM5 retaining collar came out and touch with pinion resulting axle locked. This bear"
"4186531","39208","27/04/2024","Traction Motor G9P7","LEVEL_1","HIGH","DE side deflector displaced; 08.42 - FIR by LP. 08.37 - While approaching BBS Home signal, LP observed smoke emission from TM-1. 08.45 - BBS PF-03 arr. TRS/BBS attend and advice to loco detached and relief loco arrange. 08.50 - Relief loco demand by TLC. 09.15 - working loco 39208/GMO detached from train. 09.25 - Detach loco move to yard and kept on BBS yard. 09.52 - On hand loco 35040/WAP-5/GZB attached on train. 09.59 - HOG coupled. 10.15 - Air pressure ready. 10.16 - Train dep from BBS/PF-03."
"4184023","31032","26/04/2024","Traction Motor G9P7","LEVEL_1","HIGH","Teeth Broken (Reqd. to add in 21 T Pinion); LPM reported from GGC/LRU section that foul smell noticed while train was running between COO/GGC near IBS without any fault message on DDS. Train stopped at GGC for schedule hault and found that smoke coming out from gear case no/03. He checked thoroughly and isolated traction bogie/01 by MCB 127.1/1,127.11/2 and switch 154 on '1’. Checked all wheel movement and smoke found reduced so he starts train from GGC and suggested to attend at SWM by TRS staf"
"4181276","32527","24/04/2024","Traction Motor G9P7","LEVEL_2","HIGH","DE side  winding flashed; LPM reported from GGC/LRU section that foul smell noticed while train was running between COO/GGC near IBS without any fault message on DDS. Train stopped at GGC for schedule hault and found that smoke coming out from gear case no/03. He checked thoroughly and isolated traction bogie/01 by MCB 127.1/1,127.11/2 and switch 154 on '1’. Checked all wheel movement and smoke found reduced so he starts train from GGC and suggested to attend at SWM by TRS staff. TLC advise him "
"4178149","37271","23/04/2024","Traction Motor G9P7","LEVEL_2","HIGH","Outer Labrynth Displaced/ Rubbing (Reqd. to add in Bearing); Up cyd Chaser reported at 02:32 hrs that train arrived DDU PF-8 at 02:24 hrs, while entering in PF smoke emission from loco underneath. On arrival up/cyd chaser found fire caught near wheel no-1 underneath. I/C ALP used 03 Fire Extinguisher then fire extinguished. At once loco tripped by LP, checked found all brake released condition. At 02:35 hrs advised to detach the loco and send to new shed. I/C loco 37271 detached & out at 02:50 h"
"4159690","33574","13/04/2024","Traction Motor G9P7","LEVEL_1","HIGH","DE Bearing Seize) (Reqd. to add in Bearing); 00.11JKT ARR L N-4 00.17SIGNAL GIVEN 00.21LP GIVEN FIRST PRIMARY INFORMATION LOCO NOT MOVE TM-6 AXLE LOCK FOUND 00.24SIGNAL ON BY TFC 00.30MEMO GIVEN TO DY GOODS 00.33LOCO DETACHED FROM LOAD 01.13CLI RTM ARRIVED AT JKT BY TRAIN 12228 01.30AS PER CLI TM-6 AXLE LOCKED FOUND AND LOCO MOVEMENT NOT POSIBLE 05.50DSL SHED STAFF DEP EX RTM BY ROAD 08.40JE TRS RTM & CLI RTM WITH TRS STAFF DEP EX RTM BY 09382 10.00DSL SHED STAFF ARRIVED AT JKT 11.43JE TRS RTM &"
"4145344","30532","04/04/2024","Traction Motor G9P7","LEVEL_1","HIGH","DE Bearing Seize) (Reqd. to add in Bearing); 04/25 HRS SCH DEP FROM BNW  AFTER DEP BNW LP TOOK NOTCH ONE BY ONE ,AUTO REGRATION START ON 5-6 NOTCH. LP CLEAR B/S BY MANNUAL NOTCH (GR). 04/40 HRS CLEAR B/S AT BNWC  04/50 HRS. LP DEMAND RELIEF LOCO .  LP CONSULT WITH SHED & CLI SH. JAGAT SINGH (9729531437), AS PER  CLI , LP CUT-OUT MOTER NO 2,5 . BUT NOT SUCCESS . 05/00 HRS. AS PER CLI & SHED LOCO DECLARE FAILED . Loco wheel was lifted and send to Trip shed AII. At trip shed Gear case no.4 was open"
"4143364","33666","03/04/2024","Traction Motor G9P7","LEVEL_2","HIGH","Teeth scored/ Pitmark/ grooved; At RTM TI brc  shed staff  attended  and checked found normal.as per line booking Cab-1 side traction not comes.   Teeth scored/ Pitmark/ grooved"
"4143523","31057","03/04/2024","Traction Motor G9P7","LEVEL_1","HIGH","Pinion Shaft parted (Reqd. to add in 21 T Pinion); Attended in E1 Section jobcard 023 during loco 37046 visit for IC on May 14 2024  9:46AM. Loco arrived in shed on date 09/04/2024, During checking found Gearcase 3 oil PPM is >12000PPM. After dropping gearcase found TM 3 pinion shaft broken. Due to which, TM 3 isolate in line and also fault message like Avg. speed too high in motor group, blocking by DSP and protective shutdown DCUM generate and lead to isolate all TM one by one because due to p"
