"FailureID","Loco","Date","Equipment","FailureDescription","AssignedLabel","Confidence","Reason","FailureSummary"
"5626598","44092","25/05/2026","Traction Motor G9P7","","REJECT","HIGH","No explicit mechanical traction-motor diagnosis; record describes an electrical, sensor, control, operational, or unconfirmed isolation event.","; AS PER LP AFTER PASSING SHB FAULT SHOWN ON DISPLAY F0300P0 AND F0301P1  BOGIE 2 ISOLATE LP DONE VCU RESET AND LOCO WKG NORMAL BUT AFTER ENTERING IN ADI L.NO.8 SAME FAULAT SHOWN AND BOGIE 2 ISOLATE LP POWER SWITH OFF 10 MIN AND RESTART AFTER THAT LOCO NORMAL WORKING AND DEP FROM ADI TRAIN WAS VIA VTA YD DUE TO BVG RUN DOWN TRAIN ARR,AT VY AND SAME FAULT COMES AND BOGIE 2 ISOLATE LP AGAIN POWER SWITH OFF AND LOCO WKG NORMAL AFTER THAT LP DEATACH THE BRAKE VAN WHILE ENGINE ATTACH ON LOAD AGAIN SA"
"5602470","33856","12/05/2026","Traction Motor G9P7","Misc./Others","REJECT","LOW","No confirmed diagnosis is recorded; isolation alone is not a mechanical positive label.","Misc./Others; HQ NOT PERMITTED AS PER HOME SHED INSTRUCTIONS. NO SPARE KEY. Loco not arrived shed. The exact cause of failure will be established after loco arrival at shed.  Misc./Others"
"4679812","30365","31/12/2024","Traction Motor G9P7","DE side  winding flashed","LEVEL_2","HIGH","Maintenance narrative identifies a serious mechanical traction-motor, rotor/stator, gearcase, wheel-heating, smoke, or vibration failure.","DE side  winding flashed; LP INFORMED  AT KM/NO-238/17 BETWEEN BLS-NGRD AT 03.00 HRS SMOKE FOUND IN TM-3. F/M-F0213P2 APPEARED. TRAIN STOPPED AT 00.00 HRS, THEN BOGIE-1 ISOLATED, MCE ON, TRAIN STARTED AT 00.07 HRS. CLI J K NAYAK F/PLATE IN LOCO. AGAIN LP INFORMED TO TLC SOME VIBRATION SOUND FOUND IN REAR TM-3. TRAIN CONTROLLED AT SFO M/L BUT NO ABNORMALITY  FOUND. TRAIN STOPPED AT SFO M/L AT 00.34 - 00.37 HRS. THEN TRAIN STARTED. Loco arrived at ELS/GZB on 11.01.25. TM-3 checked found winding bu"
"4664942","43276","24/12/2024","Traction Motor G9P7","TM torque arm bolt","LEVEL_2","HIGH","Maintenance narrative identifies a serious mechanical traction-motor, rotor/stator, gearcase, wheel-heating, smoke, or vibration failure.","TM torque arm bolt; TM-1 arm torque upper bolt missing. Conclusion:- Probably during fitment of TM-01 torque arm bolts were not properly tightened, caused above trouble.  TM torque arm bolt"
"4659783","37374","21/12/2024","Traction Motor G9P7","Rotor labyrinth overheated / broken","REJECT","HIGH","No explicit mechanical traction-motor diagnosis; record describes an electrical, sensor, control, operational, or unconfirmed isolation event.","Rotor labyrinth overheated / broken; GPS Last updated at BZA on 21-Dec-2024 18:16:29   Rotor labyrinth overheated / broken"
"4650283","37619","17/12/2024","Traction Motor G9P7","TM bearing seized","LEVEL_1","HIGH","Maintenance narrative explicitly identifies axle/bearing/labyrinth/pinion seizure, lock, or mechanical jamming.","TM bearing seized; As per LP CTO at DDU Bogie-2 isolated condition. DDU/TLC inform  to TLC/DHN at time 06.00.TLC/DHN advice to TLC/DDU loco change at DDU.As per TLC/DDU  no loco available at GYA or DDU. So bogie-2 isolated condition proceed (Bogie-2 isolated at PM/Dli/NR) give message F0306P1 and MCB 63.1/2.Trip due SR2 oil pressure 0.1kg/cm² showing finally bogie-2 isolated. After rrival DDU, as per TLC/DDU three time CE off and BA off on date - 16.12.24 but not success.                        "
"4649392","30751","17/12/2024","Traction Motor G9P7","TM bearing seized","LEVEL_1","HIGH","Maintenance narrative explicitly identifies axle/bearing/labyrinth/pinion seizure, lock, or mechanical jamming.","TM bearing seized; System: Analysis Not Required   TM bearing seized"
"4648950","43016","16/12/2024","Traction Motor G9P7","TM bearing seized","LEVEL_1","HIGH","Maintenance narrative explicitly identifies axle/bearing/labyrinth/pinion seizure, lock, or mechanical jamming.","TM bearing seized; RESOLVED TM-1 labyrinth came out.  TM bearing seized"
"4645469","43368","14/12/2024","Traction Motor G9P7","Outer Labrynth Displaced/ Rubbing (Reqd. to add in Bearing)","LEVEL_1","HIGH","Maintenance narrative explicitly identifies axle/bearing/labyrinth/pinion seizure, lock, or mechanical jamming.","Outer Labrynth Displaced/ Rubbing (Reqd. to add in Bearing); 1ST INFORMATION BY LP OVER CUG AT 01:46 HRS. SWR THROUGH PASS AT 01:12 HRS (FROM DN LINE TO 3RD LINE). LPH THROUGH PASS  AT 01:22 HRS. WHILE LPH PASSING LP EXPERIENCE TM-1 ISOLATE. BETWEEN LPH- CKP , LP EXPERIENCE BURNING SMELL COMING FROM UNDERGEAR. SAME CONDITION  CKP ARRIVAL AT 01:35 HRS AT PF/NO-3 (L/NO-4). ON CHECKING FOUND AXLE NO-1  LOCKED. LP DEMAND RELIEF LOCO AT 01:50 HRS. DSL LOCO NO - 12612/BNDX ATTACHED IN REAR AT 03:05 HR"
"4643188","32515","13/12/2024","Traction Motor G9P7","Outer Labrynth Displaced/ Rubbing (Reqd. to add in Bearing)","REJECT","HIGH","No explicit mechanical traction-motor diagnosis; record describes an electrical, sensor, control, operational, or unconfirmed isolation event.","Outer Labrynth Displaced/ Rubbing (Reqd. to add in Bearing); EXTRA TIME DUE TO VCU OPEN EXTERNAL FAULT IN SI UNIT SO ONE BOGIE ISOLATE VTA SHED INTIMATED BY MSG NO-517. RDSO vide Letter No. EL/3.2.172 dated 09/04/2024 recommended that, to avoid heat expansion in outer bearing cap DE for causing to rub with outer labyrinth DE, the minimum clearance between Outer Bearing Cap DE & Outer Labyrinth DE is proposed to increase from existing 0.25 mm to 0.35 mm. However, the clearance between outer labyr"
"4639920","32281","12/12/2024","Traction Motor G9P7","Pinion shaft broken","LEVEL_1","HIGH","Maintenance narrative explicitly identifies axle/bearing/labyrinth/pinion seizure, lock, or mechanical jamming.","Pinion shaft broken; O/G LP CTO at GAYA W/C at 07/00 hrs,DEP- 07/54, After DEP, LP reported to TLC/DDU that,On run, abnormal sound come from under frame (near w/no- 12), so LP stop the train at KSTA from 08:15- 08:17 hrs on through signal. Then check & found that in TM-6 net, some stone pack.TLC/DDDU advice to GC-2 & LP that this train will run in IR for check at DDU/YD, but CPBH H/S off from 10/47-10/55 for DFCC,then S/P/B- 10:56 & again S/L- 11:05 for I/R , As per GC-1 board, PSE station repor"
"4635100","37282","10/12/2024","Traction Motor G9P7","TM bearing seized","LEVEL_1","HIGH","Maintenance narrative explicitly identifies axle/bearing/labyrinth/pinion seizure, lock, or mechanical jamming.","TM bearing seized; (LP try to release by DV, release spindle & both bogie coc closed, also coc no. 94 closed but not success. Traction Bogie-2 isolate but not success. Then at 04.42, LP removed brake block HWH/End of Wheel no. 12 with the help of hammer & chisel. At 04.46, CLI/TDL Sri G. P. Singh reached at site by 12303 and reported that Wheel no. 12 is not moving (i.e. axle no. 6) & reported axle no. 6 locked & material chipped on Wheel no. 12. Hence EP withdrawal at 05.00 & CLI/TDL Sri Badri "
"4616384","39117","30/11/2024","Traction Motor G9P7","DE side  winding flashed","LEVEL_2","HIGH","Maintenance narrative identifies a serious mechanical traction-motor, rotor/stator, gearcase, wheel-heating, smoke, or vibration failure.","DE side  winding flashed; Train arrived at DDU PF no.03 at 21:41 hrs, S/L- 21:55,dep- 22:00.Train stopped, after passing Str.Signal at 22:01 due to TM-03 fire. LP used Fire extinguisher then fire vanished. Loco back start at 22:17 & arrived under str sig at 22:20 hrs. loco detach at 22:29  & send to O/S. Loco no.32875/DDU offer ex E/B/L at 22:06. O/L- 22:40 hrs, P/R- 22:50, S/L- 22:58,dep- 22:59 hrs. As per LI/DDU, smoke emission from TM-3. After arrival of loco at ELS/GMO, TM-3 taken out from s"
"4616355","30341","30/11/2024","Traction Motor G9P7","Outer Labrynth Displaced/ Rubbing (Reqd. to add in Bearing)","LEVEL_1","HIGH","Maintenance narrative explicitly identifies axle/bearing/labyrinth/pinion seizure, lock, or mechanical jamming.","Outer Labrynth Displaced/ Rubbing (Reqd. to add in Bearing); System: Analysis Not Required Observation/Investigation: Failed TM (TM6) dismantled at EDE. The following points observed.  DE outer labyrinth came out from its seating area and rotated in its seating area of shaft. Pinion came out from its initial fitted position about 5.5mm. Roller cage was not having any breakage and deformation.  End frame bore and outer race OD have slight scoring mark. Inner race having Impression of rollers.  & "
"4609179","30675","27/11/2024","Traction Motor G9P7","TM bearing seized","LEVEL_1","HIGH","Maintenance narrative explicitly identifies axle/bearing/labyrinth/pinion seizure, lock, or mechanical jamming.","TM bearing seized; Attended in E1 Section jobcard 065 during loco 30675 visit for Special Repair on Dec  5 2024  3:33PM. 1.TM -3 DE bearing seized. 2.Gear case dropped, Oil level was 5 ltrs approx. 3.Outer labyrinth found shifted from its position. 4.DE end frame, Outer labyrinth and Bearing cap DE dismantled. 5.Bearing inner ring and roller found deformed and discoloured due to overheating. 6.Pitting/smearing found on 1/3rd portion of all roller and corresponding portion of Inner race track/rac"
"4610095","30319","27/11/2024","Traction Motor G9P7","Outer Labrynth Displaced/ Rubbing (Reqd. to add in Bearing)","LEVEL_1","HIGH","Maintenance narrative explicitly identifies axle/bearing/labyrinth/pinion seizure, lock, or mechanical jamming.","Outer Labrynth Displaced/ Rubbing (Reqd. to add in Bearing); System: Analysis Not Required 30319/TM No.2 Date of overhaul 10.12.21 (POH/BSL) DE Bearing T-227 FAG-GER Comm dt:10.12.21 Labyrinth type: ABB original drawing, 4) last greasing done: full greasing on 20.11.2024 (during IA) 5) Metal content (DE) : TM2, 30mg (during IA )  Outer Labrynth Displaced/ Rubbing (Reqd. to add in Bearing)"
"4603791","43429","24/11/2024","Traction Motor G9P7","Speed sensor defect","REJECT","HIGH","No explicit mechanical traction-motor diagnosis; record describes an electrical, sensor, control, operational, or unconfirmed isolation event.","Speed sensor defect; AFTER PASSING BDWD STARTER REAR LOCO TRACTION NOT COMING WITH MESSAGE Train- 17222 (LTT-COA), Loco no.- 43429 (WAG-9H, LDH). Train stopped at Km 100/800 before KJT advance starter due to Main power off with fault message F0101P1 and with bogie 1&2 isolated.LP troubleshoot by CE OFF/ON loco become normal. Further loco worked normal. SR/BUR: ALSTOM This was a case of transient fault. AS PER E-1 JOB CARD-IN SR DATA SEVERAL MSG LOG SPIF 2 ; M 2 SWITCHING COMMAND FEEDBACK FAIL CA"
"4600835","37372","23/11/2024","Traction Motor G9P7","Temperature sensor defective","REJECT","HIGH","No explicit mechanical traction-motor diagnosis; record describes an electrical, sensor, control, operational, or unconfirmed isolation event.","Temperature sensor defective; Loco Case- Momentary Loco Trouble of VCB tripped and panto lowered. After LP CTO the Train- 15231 Exp started from USL at 14:16 hrs ( Sch dep- 12:25 hrs. When  running between URK-R section stopped at 16:41 hrs before R home signal as its aspect was danger. After getting line clear for R station at 16:46 hrs, while LP started the train experienced trouble in which VCB tripped and panto lowered. Message shown on DDS   Temperature sensor defective"
"4599089","31444","22/11/2024","Traction Motor G9P7","Speed sensor defect","REJECT","HIGH","No explicit mechanical traction-motor diagnosis; record describes an electrical, sensor, control, operational, or unconfirmed isolation event.","Speed sensor defect; (LP advised to check background message in DDS. As per LP, message found ASC2: 0053 Error Techogenerator-2. LP advised to isolated Traction Bogie-2 and take traction. LP reported that Traction Bogie-2 isolated by switch no. 154 and MCB 127.1/2, but same trouble occurred. Loco started with jerk and speed not exceed more than 01 kmph. Again LP advised to isolate Traction Bogie-1 and Traction Bogie-2 put normal, same done but not success. Wheel movement checked by LP and found "
"4591315","41733","18/11/2024","Traction Motor G9P7","DE Bearing Seize) (Reqd. to add in Bearing)","LEVEL_1","HIGH","Maintenance narrative explicitly identifies axle/bearing/labyrinth/pinion seizure, lock, or mechanical jamming.","DE Bearing Seize) (Reqd. to add in Bearing); TRAIN N/DTV I/C EX BSP. TAKEN OVER AT 23.20H (DT 17/11/24) AT JSG. AS PER TLC/BSP-09, LOCO 32930 TM-5 + CP-2 ISOLATED. LP INFORMED FROM MCL SIDING AT 13.40H THAT LOAD CLEARED FROM SIDING TO MCL LINE NO-2. AT THE TIME OF LOAD CLEARING, SMR/MCL TOLD OVER VHF THAT FRONT WHEEL NOT MOVE. ON CHECKING BY ALP, FOUND SOME TIMES WHEEL NO-11 & 12 (AXLE NO- 6) NOT MOVED IN FORWARD DIRECTION AND REVERSE DIRECTION NORMALLY MOVED. ADVISED E/EX + CLI/JSG TO PROCEED T"
"4590688","37373","18/11/2024","Traction Motor G9P7","Outer Labrynth Displaced/ Rubbing (Reqd. to add in Bearing)","LEVEL_1","HIGH","Maintenance narrative explicitly identifies axle/bearing/labyrinth/pinion seizure, lock, or mechanical jamming.","Outer Labrynth Displaced/ Rubbing (Reqd. to add in Bearing); Train No.12841, While approaching DIG (Duggirala) LP observed smoke & burning smell coming from under truck. LP check and found Axle-2 got locked. Fresh loco given. Observation/Investigation: TM2 was dismantled at EDE and the following points observed. Outer labyrinth came out and seating area of shaft is scored. Outer racer surface seating area with End Shield bore is not having any scoring marks.  DE bearing rollers found overheated "
"4587247","37508","17/11/2024","Traction Motor G9P7","TM bearing seized","LEVEL_1","HIGH","Maintenance narrative explicitly identifies axle/bearing/labyrinth/pinion seizure, lock, or mechanical jamming.","TM bearing seized; Attended in E1 Section jobcard 016 during loco 37508 visit for IC on Jan  5 2025  3:45PM. •TM4 DE side bearing seized. •Outer labyrinth found shifted from original position. •DE end frame, Outer labyrinth and Bearing cap DE dismantled. •Scoring on outer labyrinth seat. •All rollers found groove marks. •Bearing cage deformed plastically. •Inner race found deep groove mark. •Complete investigation report and traction motor detail is attached with this OPR.  TM bearing seized"
"4585322","33835","16/11/2024","Traction Motor G9P7","DE side deflector displaced","LEVEL_1","HIGH","Maintenance narrative explicitly identifies axle/bearing/labyrinth/pinion seizure, lock, or mechanical jamming.","DE side deflector displaced; Investigation- Joint checking report of CLI- A K Maity/SCLN and JE/G- Mahendra Kotangale Observation- As per LP reported burning smell/smoke coming from TM1 gear case side and gear case oil spread over. So checked gear case and TM1 and check temperature found normal. Open TM1 gear case oil (cardium compound). Found oil level normal and check smell found that there is burning smell coming from TM-1 gear case oil. Checked all TMs temperature normal. Suspected deflector"
"4583972","33324","15/11/2024","Traction Motor G9P7","Misc","REJECT","HIGH","No explicit mechanical traction-motor diagnosis; record describes an electrical, sensor, control, operational, or unconfirmed isolation event.","Misc; Ex RNQ/NBG, Train arrived at DDU K-Panel at 18:45 hrs with pre information of defect that Traction bogie-2 isolate since 10/11/2024. loco shutdown there by shuttling crew. Another crew take cto at 23:50 hrs in dead condition. Train ready at 24:00 hrs and as per Previous booking switch 154 on II position and bogie-2 isolate due to SS03- Earth fault in converter. Due to above defect load not pulled by loco so UP/Dy advise to detach loco and send to O/Shed. Attended in E1 Section jobcard 067 "
"4559381","32839","04/11/2024","Traction Motor G9P7","Temperature sensor defective","REJECT","HIGH","No explicit mechanical traction-motor diagnosis; record describes an electrical, sensor, control, operational, or unconfirmed isolation event.","Temperature sensor defective; 15.42 LP reported that suddenly loco working cab-2 horn not working as HT horn no sound & LT horn sound very poor.15.45 LP consult with SSE/SGUJ/SDED and done accordingly but trouble not rectify..15.50 LP demand relief engineLP demand relief engine. 16.00 Relief loco no-43068/MLDD/IB 23.12.24 allotted which was available at NJP. 6.07 Relief loco no-43068/MLDD departure NJP. 16.25 Relief loco no-43068/MLDD arrived ABFCRelief loco no-43068/MLDD arrived ABFC. 16.53 Rel"
"4555281","31287","01/11/2024","Traction Motor G9P7","Speed Sensor Defective (ARC/IGBT)","REJECT","HIGH","No explicit mechanical traction-motor diagnosis; record describes an electrical, sensor, control, operational, or unconfirmed isolation event.","Speed Sensor Defective (ARC/IGBT); 10.15 Hrs-Fir by LP. 09.12 Hrs-Train Dep BDPK. 09.25 Hrs-Train controlled at IB signal due to danger. 09.48 Hrs-Train started after signal given. 10.05 Hrs-Train stopped at TLHD home signal danger. 10.07 Hrs-Train started from home signal after given. 10.12 Hrs- Lp experience leading loco-31287 DJ open with massage main power off with massage SS-01 main power isolated with battery voltage show below 90 volt , Train stopped at Km no-490 . LP off/on CE then massa"
"4541444","33516","25/10/2024","Traction Motor G9P7","TM bearing seized","LEVEL_1","HIGH","Maintenance narrative explicitly identifies axle/bearing/labyrinth/pinion seizure, lock, or mechanical jamming.","TM bearing seized; As per TLC proceed to NRZB to attend loco no 33516(TKD) for TM-1 smoke emission, joint checked along with CLI /SDL Shri Suresh Chandra TM-1 gear case oil normal and burning smell coming from Tm-1 and checked wheel movement found wheel no 1 and 2 not moving both direction 2-time and again checked wheel movement found wheel movement freely so consulted SSE/ TKD shed actual cause will be found out after TM-1 gear case cover opening, so Loco marked TR.   TM bearing seized"
"4538631","37544","24/10/2024","Traction Motor G9P7","DE Bearing Seize) (Reqd. to add in Bearing)","LEVEL_1","HIGH","Maintenance narrative explicitly identifies axle/bearing/labyrinth/pinion seizure, lock, or mechanical jamming.","DE Bearing Seize) (Reqd. to add in Bearing); JOINT EXAMINATION DONE AT DLS/GY BY SSE/DLS/GY, ADME/DLS/GY, CLI/GY SUSPECTING TRACTION MOTOR DRIVE END SIDE BEARING SEIZED. SAME HAS BEEN INFORMED TO HOME SHED ELS/ED FOR TAKING FURTHER ACTIONS Cause of Failure:  1. Due to crack in end frame, rotation of outer racer in the end frame housing might have happened, Both the end frame inner bore & outer race                                       surface got scored heavily. Which in turn might have caused "
"4537272","33574","23/10/2024","Traction Motor G9P7","DE side deflector displaced","LEVEL_2","HIGH","Maintenance narrative identifies a serious mechanical traction-motor, rotor/stator, gearcase, wheel-heating, smoke, or vibration failure.","DE side deflector displaced; CREW SHORTAGE During shed investigation of loco, labyrinth of TM4 found out 5-6 mm from its original position and rotor movement found jammed due to which TM’s rotation movement stopped and due to frictional heat generation, smoke noticed. Loco 33574/VTA, WAG-9, IC 15-9-24, DOC 20-11-22, HRPT, Propulsion Medha,  TM-4 Mfg 06/2022, Make CLW, SN 16303 Axle box greasing and UST done on 15-9-24  Train FUT/NMG  LP stop train at BET (BARETH) main line at 12.45 & reported sm"
"4536532","32054","23/10/2024","Traction Motor G9P7","DE Bearing Seize) (Reqd. to add in Bearing)","LEVEL_1","HIGH","Maintenance narrative explicitly identifies axle/bearing/labyrinth/pinion seizure, lock, or mechanical jamming.","DE Bearing Seize) (Reqd. to add in Bearing);  Loco no 32054 working with train GHH/MDCC/DS was stopped  on 23/10/24 on line at km No. 716/26 between section SIMN-PNUN in DFCC Division of WDFC due to working LP observed smoke from undergear further checked & found heavy smoke was coming from TM-4 hence fire extinguishers used by LP after some time smoke got disappear,again tried for move to load but jerk observed due to axle locked, load detached and put back for SIMN from relief loco.CLI/PNUN ar"
"4522998","38588","17/10/2024","Traction Motor G9P7","DE side deflector displaced","LEVEL_1","HIGH","Maintenance narrative explicitly identifies axle/bearing/labyrinth/pinion seizure, lock, or mechanical jamming.","DE side deflector displaced; SMOKE FROM GC-6 Loco no 38588 was failed on17/10/24 in NGP Division of C Rly due to LP have taken charge at BPK( BHUGAON) 3rd line as stable condition& start after ready and stopped at KM 768/B/8A and working LP observed smoke emission from undergear. Further LP checked found smoke coming from TM-6 gear case but temp checked found normal after 03 minute smoke got disappeared hence ready from spot and arrived CHJC( Chitoda) 3rd line & loco detached and kept at BPK 3rd"
"4522226","32562","16/10/2024","Traction Motor G9P7","TM bearing seized","LEVEL_1","HIGH","Maintenance narrative explicitly identifies axle/bearing/labyrinth/pinion seizure, lock, or mechanical jamming.","TM bearing seized; WHEEL NO 3 AND 4  NOT MOVING , TM-2 PINION REMOVED Loco arrived at ELS/BL on dt.19/10/24 in working condition. Loco was checked and found TM-2 pinion cut out condition due to deflector plate came out ,TM-2 changed and defective TM dismantled in section and following observations noticed-   •No signs of oil ingress, oil condition found normal, no metallic part found in gear case. •The condition of inner Race is normal i.e. no signs of Rollers impact on inner race. •Crack on the"
"4509537","39113","10/10/2024","Traction Motor G9P7","Speed sensor defect","REJECT","HIGH","No explicit mechanical traction-motor diagnosis; record describes an electrical, sensor, control, operational, or unconfirmed isolation event.","Speed sensor defect; Train arrived MLDT PF No-04 at 06:55 hrs. Information received from NFR/Lobby at 07:09 hrs that loco- 39113/HWH of Train No- 03027(HWH- NJP TOD SPL) not allowed dye to having remarks of TM-01 isolated & SS-04 icon was in red colour. Hence, CLI was needed to allow this loco for this train. Previously TLC/HWH relayed the remarks i.e TM-1 isolated due to disturbance in signal of  TM-1 speed sensor. In BHEL propulsion Locomotive, if  any Traction Motor of Traction Converter- 1 g"
"4506123","31801","08/10/2024","Traction Motor G9P7","Speed sensor defect","REJECT","HIGH","No explicit mechanical traction-motor diagnosis; record describes an electrical, sensor, control, operational, or unconfirmed isolation event.","Speed sensor defect; Train arrived  DDU Dn/CYD at 16:45 Hrs Ex NCR W/O any pre info relayed by TLC/PRYJ or I/C LP. Dn/Dy asked to CC/DDU that Loco will work in L/Haul  or not. CC/DDU replied that Loco having defect TM-06 isolate (from 24/08/24).So loco will not work in L/Haul. TLC/DDU informed to PPIO/DDU. PPIO/DDU demanded the loco to N/Shed.   Speed sensor defect"
"4505728","31194","08/10/2024","Traction Motor G9P7","Earth Fault in Stator winding","REJECT","HIGH","No explicit mechanical traction-motor diagnosis; record describes an electrical, sensor, control, operational, or unconfirmed isolation event.","Earth Fault in Stator winding; Attended in E1 Section jobcard 324 during loco 32356 visit for IC on Oct 10 2024  7:04PM.   Earth Fault in Stator winding"
"4491185","38459","30/09/2024","Traction Motor G9P7","Phase to phase winding resistance diff.","REJECT","HIGH","No explicit mechanical traction-motor diagnosis; record describes an electrical, sensor, control, operational, or unconfirmed isolation event.","Phase to phase winding resistance diff.; <span title=""""SANDER: Leading cab-2 both side sanders was working and sand available. SECTION LAYOUT: -BUH-SNGP section having 6.0KM stretch of 1/150? with 2° curve at starting point. Train stop at KM-901/07A -01 which was situated in of 1/150? with 1° curve.  Loco trouble: DDS message noted by CLI/SDL Sri M.S.Marabi  DCU4 0100: LC1 Bogie 2 Isolated  DCU4 0014: Dist. In Power Module 25A1 FINDINGS: As per DDS message and DDS image provided by CLI, due to P"
"4485765","33734","27/09/2024","Traction Motor G9P7","Misc","LEVEL_1","HIGH","Maintenance narrative explicitly identifies axle/bearing/labyrinth/pinion seizure, lock, or mechanical jamming.","Misc; 07.45 Hrs- FIR by LP. 06.36 Hrs- TLHR dep. 06.41 Hrs- NTPC dep through. 07.36 Hrs- Train stopped at km no 490/35 in between TLHR-JNC due to automatically Tr.Bogie-1 isolated with massage F0201P1. So Loco could not houl the section in 3TM Single loco. So LP off/On the battery and wait for 5 mins, then loco ready in 5 TM. 07.50 Hrs- Train back towards TLHR up to Home Signal at km no 491/41 with same loco in 5 TM. 08.05 Hrs- Arr at Home Signal TLHD and waiting for Signal. 09.41 Hrs- Home sign"
"4479286","37044","24/09/2024","Traction Motor G9P7","TM bearing seized","LEVEL_1","HIGH","Maintenance narrative explicitly identifies axle/bearing/labyrinth/pinion seizure, lock, or mechanical jamming.","TM bearing seized; LP INFORMED TO TLC AT ATH THAT FAULT NO. KPRJ 41710  BON ARR 13.40 HRS DET DUE TO LOCO TROUBLE & POWER FAILED & DUE TO LOAD NOT WORKING THEN P/CHANGE  .27896 F0208 P2 TRACTION BOGIE /01 MOTOR 01, ISOLATE BOGIE /1 THEN ACKNOWLEDGE TB-1 ISOLATE AGAIN MCE OFF AND ON AGAIN TB-1 ISOLATE DUE TO ECXESS LOAD AND ANOTHER LOCO DEMANDED. AND INFORMED TO DY MOVEMENT THIS LOCO WORK IN LIGHT LOAD. Loco arrived at shed on 28/10/2024 and as per Report of  Axle-5 Lock at SWM station (Kota Divi"
"4464149","39026","17/09/2024","Traction Motor G9P7","DE Bearing Seize) (Reqd. to add in Bearing)","LEVEL_1","HIGH","Maintenance narrative explicitly identifies axle/bearing/labyrinth/pinion seizure, lock, or mechanical jamming.","DE Bearing Seize) (Reqd. to add in Bearing); 04:21Train passed PWL -  BT 05:32  - 06:00Train arrival /dep. NDLS 07''/20 '' late 08:13Train passed DHKR   11'' late ASM / DHKR reported that smoke in loco  08:20Train arrived at DPP 16:00'' late 08:25LPM reported that smoke from TM-3 and traction bogie -1 isolate ex DWNA. Advise to him that loco to be detach and shunt in HOT AXLE siding. 08:28Loco failed and required assisting loco  08:45Points man arrived on loco  09:17Loco no. 39026 detach from t."
"4463918","33734","17/09/2024","Traction Motor G9P7","DE Bearing Seize) (Reqd. to add in Bearing)","LEVEL_1","HIGH","Maintenance narrative explicitly identifies axle/bearing/labyrinth/pinion seizure, lock, or mechanical jamming.","DE Bearing Seize) (Reqd. to add in Bearing); Made over to SBP division on 19.09.24 at 09:25 hrs working MAAL BTAP, with 5TM working. Loco no.33734 was failed on17/09/24 on line at KKGM in WAT Division of ECO Rly after passing LKMR between LKMR- KKGM, LP observed smoke emission from under gear of loco 33734. LP section cleared to KKGM R-02 with cautious speed. At KKGM LP checked & suspected Axle No.2 (wheel No.3 & 4) locked. ELS VSKP Maintenance staff arrived at KKGM for attend to loco and remove"
"4463548","30642","17/09/2024","Traction Motor G9P7","DE Bearing Seize) (Reqd. to add in Bearing)","LEVEL_1","HIGH","Maintenance narrative explicitly identifies axle/bearing/labyrinth/pinion seizure, lock, or mechanical jamming.","DE Bearing Seize) (Reqd. to add in Bearing); 21.48 - FIRST INFORMATION BY FOOTPLATE CLI S.L. DANGI (BRC)  EX SAMLAYA(BRC-GDA)            THAT TRAIN NO 12951 LOCO NO 30642/BRC SMOKE NOTICED FROM TM-6 EX BH            (BHARIUCH) (BRC DIV).LOCO CHECKED AT BRC BY CLI S.L. DANGI & TRS BRC.FOOTPLATE            CLI ISOLATED TRACTION BOGIE-2 EX PIO (PILOL) (BRC-GDA) BY SWITH 154. 22.20 - AS PER FOOTPLATE CLI NO SMOKE NOTICED FROM TM-6 EX BRC TO GDA 22.22 - TRAIN 12951 T/O EX GDA LATE BY 02 As per TM obs"
"4463669","41332","16/09/2024","Traction Motor G9P7","Teeth Broken (Reqd. to add in 21 T Pinion)","REJECT","HIGH","No explicit mechanical traction-motor diagnosis; record describes an electrical, sensor, control, operational, or unconfirmed isolation event.","Teeth Broken (Reqd. to add in 21 T Pinion); Ex PG Train arrived MPO at 13:25 hrs. O/G LP  CTO at 13:30 hrs and found Traction Bogie-1 isolate since 08/09/2024 but no any pre information from I/C  Lp. LP put HBA & MCE Off/On but loco not normal,  allowed upto DDU. Pass KSTA at 16:40 hrs (H/D/C,  S/D/C). After passing KSTA loco wheel slip due to  drizzling rain & speed reduce to 7 kmph. Train arrived  PRY up loop at 17:14 hrs. On arrival ALP & Guard  checked the load and found load released condit"
"4460219","39114","15/09/2024","Traction Motor G9P7","TM bearing seized","LEVEL_1","HIGH","Maintenance narrative explicitly identifies axle/bearing/labyrinth/pinion seizure, lock, or mechanical jamming.","TM bearing seized; 08:11hrs Train through passed at NRO. 08:27 hrs Train arrived at MQS on PF no. 02 (main line). 08:35 hrs LP reported ex.MQS while moving  the train and found wheel no.2 axle no.1 lock. 08:40 hrs Loco declared failed and memo given to traffic controller for relief loco. 08:43 hrs Message given to SSE/Loco/Juc to send CLI at MQS. 08:50 hrs Relief loco(43474/BGKT) arranged ex. KXH. 08:53 hrs Message given to PPIO/LDH to send staff at MQS. 09:27 hrs Loco detached from load at MQS."
"4453192","33636","11/09/2024","Traction Motor G9P7","TM bearing seized","LEVEL_1","HIGH","Maintenance narrative explicitly identifies axle/bearing/labyrinth/pinion seizure, lock, or mechanical jamming.","TM bearing seized; LP EXPERIENCE CONTINUE WHEEL SLIP & SHOWING TM 1 STATUS RED ON DDS ON ARRIVAL SEG LOOP LINE LP NOTICED SMOKE FROM TM 1,CLI REPORTED TM-1 AXLE LOCKED,BSL MOH SSE REP TM-1 LIBRENTH RING CAME OUT 16.00 HRS LOCO GIVEN READY AFTER TM-1 PINION CUT , LOCO RDY LELA TO BSL NORMAL SPPED WITH HALF TRACTION ( T/BO-1 ISO) Loco arrived at ELS/BL on dt. 17/09/24 in working condition ,loco was checked and found TM-1 pinion cut out condition ,TM changed . Removed TM dismantled and found bearin"
"4446436","39336","08/09/2024","Traction Motor G9P7","Error Techogen. due to Grease entered sensor box","REJECT","HIGH","No explicit mechanical traction-motor diagnosis; record describes an electrical, sensor, control, operational, or unconfirmed isolation event.","Error Techogen. due to Grease entered sensor box; LP informed at 10:46 that between SVA/SGZ a sudden fault message occurred It was noticed that grease found on TM5 & TM6 caused disturbance in speed signal & therefore ‘’Speed sensor TM-5 & 6 faulty’’ message appeared and then Traction bogie-2 got isolated instead of TM isolation. It may be  due to  transient problem in  software side. L.NO-39337/BRC WAP7, IA 5.7.24, TI 27.8.24GKP, SR/BUR-MEDHA, BR SY-KNORRS, TR.NO-19037(BDTS-BJU) LD 22, LP INFORM"
"4438907","38624","04/09/2024","Traction Motor G9P7","Speed sensor defect","REJECT","HIGH","No explicit mechanical traction-motor diagnosis; record describes an electrical, sensor, control, operational, or unconfirmed isolation event.","Speed sensor defect; Ex NCR train arrived N-DDU with Tr. B-1 isolate, normal at N-DDU, N-DDU depart at 22:40 hrs with Tr B-1 isolate. As per LP report, train stopped at IMGE Dn loop line for line clear at 04:24 hrs and depart at 04:34 hrs. After departure ex IMGE speed not increases more than 01 Kmph then LP stopped the train after passing Str Signal at 04:36 hrs, then LP put Tr. Bogie-1 isolate by MCB 127.1/1 & 127.11/1 then depart ex site at 04:42 hrs and loco normal. Train arrived GRRU Dn loo"
"4434387","37136","02/09/2024","Traction Motor G9P7","Temperature sensor defective","REJECT","HIGH","No explicit mechanical traction-motor diagnosis; record describes an electrical, sensor, control, operational, or unconfirmed isolation event.","Temperature sensor defective; 1.At 05:55 hrs Train arrived at JLD line no.04 2.At 06:00 hrs. Loco Pilot informed that Traction Converter-01 had got isolated with fault code F0201P1 and T/M no 04 & T/M 06 are already isolated in Bogie-2. TLC/LJN counseled to perform CE off/on with battery reset & to reset mcb no 127.11/1. 3.At 06:05 hrs. LP informed that no success after CE Off/On & mcb reset. 4.At 06:08 hrs. TLC/LJN informed to SSE Dilip Agrawal to counsel the LP. 5.At 06:10 hrs TLC/LJN served F"
"4433964","43481","01/09/2024","Traction Motor G9P7","DE side deflector displaced","LEVEL_2","HIGH","Maintenance narrative identifies a serious mechanical traction-motor, rotor/stator, gearcase, wheel-heating, smoke, or vibration failure.","DE side deflector displaced; 20.35 Train stop at 02/20 OHE post due to gate signal ON condition of gate no-01. LP feel that some smoke & burning smell comes out from under gear of loco. After that LP checked under gear & found smoke & burn comes from TM no-06 gear case. LP used fire extinguisher on the smoke & isolate bogie no-02. 20.51 LP start the Train from site after properly checking of under gear.  21.05 After arrived at NJP LP consult with BGKT/SHED he advice to fail the loco & push to ne"
"4429780","31165","30/08/2024","Traction Motor G9P7","","LEVEL_2","HIGH","Maintenance narrative identifies a serious mechanical traction-motor, rotor/stator, gearcase, wheel-heating, smoke, or vibration failure.","; Abnormal Sound Came From Under truck Bogie-2 Also Smoke Detected from Under Truck. Loco failed due to suspected defect inside TM-6 or gear case no.6. Loco checked by BD staff PUNE and on dropping gear case of TM-6, noticed that TM6 pinion was broken from neck portion and dropped inside GC. Hence, pinion removed and directed to home shed.  Loco arrived to ELS/LGD on 12.09.24 in working condition with TM-6 Pinion removed condition. Loco was examined and defective TM-6 replaced with good one.    "
"4424719","38624","28/08/2024","Traction Motor G9P7","Speed sensor defective.","REJECT","HIGH","No explicit mechanical traction-motor diagnosis; record describes an electrical, sensor, control, operational, or unconfirmed isolation event.","Speed sensor defective.; 01:15S/ON at GZB 02:17Spare by 04303 02:45Arr A PNL 02:50CTO 03:48Dep A PNL 03:50Loco got trouble as its speed not increases more than 1Kmph , Tap 269.6/1 & 269.6/2 but not success CE OFF & ON by VCU but not success .Again tap  Tap 269.6/1 & 269.6/2 Than speed increases 1 Kmph to 5kmph .   04:15As per Dy SS , A PNL  load back to staion section 04:20Again load ready to Move 05:49Dep A PNL Loco came to shed in working condition on 23-12-24. Loco checked & attended at BIA P"
"4420848","43429","26/08/2024","Traction Motor G9P7","Misc  (Reqd. to add in Speed Sensor)","REJECT","HIGH","No explicit mechanical traction-motor diagnosis; record describes an electrical, sensor, control, operational, or unconfirmed isolation event.","Misc  (Reqd. to add in Speed Sensor); Attended in E1 Section jobcard 318 during loco 43429 visit for IB on Oct 22 2024  7:22PM. ON 26.8.24 AS PER SR DATA DISTURBANCE CAME IN SR 2 DUE TO TM 6 ISOLATION , DATA LOG SPIF 2 : M 3 MORE MEASURED THEN DEMANDED TORQUE & PROTECTIVE BLOCKING BY DCUM 3 CAUSE DISTURBANCE IN SR 2. ON SENSOR OF TM 5 & 6 GREASE COLLECTED.  Misc  (Reqd. to add in Speed Sensor)"
"4408770","32114","19/08/2024","Traction Motor G9P7","DE Bearing Seize) (Reqd. to add in Bearing)","LEVEL_1","HIGH","Maintenance narrative explicitly identifies axle/bearing/labyrinth/pinion seizure, lock, or mechanical jamming.","DE Bearing Seize) (Reqd. to add in Bearing); TO-AT TLHR 16:00 HRS. 19:31 Fir by loco pilot. 17:48 Train departure from TLHR R-2. 18:12 Train stop at UP H/SIGNAL of TLHD due to H/signal danger. 19:10 Train started after H/signal given off, after moved some extent LP experienced abnormal sound detected from Axle -5 wheel no 9,10 of loco, immediately LP stop the train informed to TMR and checked the engine. 19:15 After checked restart the train cautiously again experienced about sound from same axl"
"4404897","32695","17/08/2024","Traction Motor G9P7","Pinion shaft broken","LEVEL_1","HIGH","Maintenance narrative explicitly identifies axle/bearing/labyrinth/pinion seizure, lock, or mechanical jamming.","Pinion shaft broken; Train no:FD/SGWF, Loco No:32695/SBTD Note: TM-1 Isolated. 19:31 : Train arr to LDX 19:55 : Train dep from LDX in loop line with 30kmph 20:05 : Train stalled at Km no : 354/19 due to excess load and heavy rain and speed restriction of train is BPC is 45kmph 20:10 : FIR given by LP to TLC/SCR required banker loco  21:05: Banker LE dep from JMPT 21:25 : Banker Loco arrived site 21:30: Banker Loco made EOT in front of the train 21:50: Train dep from site along with banker loco P"
"4402640","37038","16/08/2024","Traction Motor G9P7","DE Bearing Seize) (Reqd. to add in Bearing)","LEVEL_1","HIGH","Maintenance narrative explicitly identifies axle/bearing/labyrinth/pinion seizure, lock, or mechanical jamming.","DE Bearing Seize) (Reqd. to add in Bearing); 06.20 – Train through pass KSV. 06.29 – Train stopped at km no. – 1431/15 due to smoke seen during look back the load when observing caution of 40 kmph. 06.37 – LP reported to TLC/AGC that dep. ex Site after TB-1 isolate due to smoke seen from gear case no-1. 06.40 – Memo given to Dy/P that train receive in CHJ L/L & Loco detach immediate from load & placed in siding due to Loco fail & also advice to CLI Mr. Vishesh Meena to reach at CHJ. 06.48 – Trai"
"4400788","38225","16/08/2024","Traction Motor G9P7","Speed Sensor defective (Jacquet/ABB)  (Reqd. to add in Speed Sensor)","REJECT","HIGH","No explicit mechanical traction-motor diagnosis; record describes an electrical, sensor, control, operational, or unconfirmed isolation event.","Speed Sensor defective (Jacquet/ABB)  (Reqd. to add in Speed Sensor); (MCE put OFF/ON got success and after pressure ready train started ex site. LP advised for statement.) Attended in E1 Section jobcard 227 during loco 38225 visit for TI on Sep  6 2024  2:52PM. C & F IN DDS MSSG LOGGED ; SPIF 1 , 2 ; M1,2,3,4,5,6 ; ELECTRICAL SLIP LIMITED . BLOCKING BY DSP . TRACTION NOT COMING . IN CHECKING FOUND  ALL TM  S/S  GREASE INGRESS ON SENSOR PROB & ITS HOUSING . SO ALL TM,S S/S GREASE TO BE CLEANED ."
"4375493","37361","03/08/2024","Traction Motor G9P7","TM bearing seized","LEVEL_1","HIGH","Maintenance narrative explicitly identifies axle/bearing/labyrinth/pinion seizure, lock, or mechanical jamming.","TM bearing seized; 17:39 hrs Train arrived at LNK station. 17:46 hrs While train departed ex. LNK, LP reported that he observed smoke from TM-3 of bogie-1. CLI/FZR Sh. Tufail ahmad already escorting the train. 17:50 hrs LP extinguished the fire by using small fire extinguisher LP tried to move the train after isolated bogie-1 by switch no. 154 but train not moved. CLI/FZR  Sh. Tufail ahmad also checked the loco and found axle no-3 locked. 17:55 hrs Memo given to traffic controller to arrange rel"
"4362462","43447","28/07/2024","Traction Motor G9P7","Speed sensor defect","REJECT","HIGH","No explicit mechanical traction-motor diagnosis; record describes an electrical, sensor, control, operational, or unconfirmed isolation event.","Speed sensor defect; <span title=""""AT 07:46 LP REPORTED WHILE DEP BKSA MSG CAME F0102P1 """"VCB STUCK IN OFF POSITION """" &amp; PENTO DOWN LP DID :- 1. MCE SWITCH OFF/ON BUT NOT SUCCEED LP FOUND PANTO NOT RAISE  2. LP CHANGE PAN-1 &amp; 2 BUT NOT SUCCEED 3. LP CHANGE SWITCH 85 BUT NOT SUCCEED 4 LP TROBLE SHOOT AS PER NKJ/SHED BUT NOT SUCCEED AT 07:58  FAILLURE MEMO GIVEN R/ENGINE 33490/ NKJ   ARRANGE EX BKSA UP/RTPR R/ENGINE DEP FROM BKSA 09:00  &amp; ARRIVED SITE 09:18 EOT  AT 09:20 . FROM SITE 10"
"4361526","37002","27/07/2024","Traction Motor G9P7","DE Bearing Seize) (Reqd. to add in Bearing)","LEVEL_1","HIGH","Maintenance narrative explicitly identifies axle/bearing/labyrinth/pinion seizure, lock, or mechanical jamming.","DE Bearing Seize) (Reqd. to add in Bearing); Date.27.07.2024 Train no.82901 Load. 15/30 Loco no. 37002 Based shed. PA DOC.09.01.2018( AQ)  IOH.11.03.2023(AQ)  Loco Transfer from AQ shed to PA shed on date.18.05.2023 IC done.23.05.2024 TI.21.07.24( PA)  STR.25.07.24( NZM)  Prouplision.Medha B/ System. E-70 W/ CAB-2 Loco defects TM-5 Isolate from.25.07.2024 LP. Aditya Khopker ALP. Avdesh kumar HQ. BDTS Brief incidence LP informed ex KLV Loop Line at 17.08 hrs that while Entering in KLV Loop smoke "
"4346126","39078","19/07/2024","Traction Motor G9P7","TM Cable lug burnt","REJECT","HIGH","No explicit mechanical traction-motor diagnosis; record describes an electrical, sensor, control, operational, or unconfirmed isolation event.","TM Cable lug burnt; TRAIN: 22945 LOAD: 22/44 PROPULSION: BHEL BRAKE SYSTEM: E-70 WORKING CAB-1 LP NAME: KARAMCHAND S BRIEF INCIDENCE: Train started ex MMCT then stopped at 21:09 on STA line due to Bogie-2 vibration noticed by LP. Sent CLI Amit Kumar and SSE Ivon on loco. Bogie 2 isolated and Train started at 21:19. Cli accompanied with train. DISPOSAL: TRAIN WORKING NORAML Loco arrived at ELS/BL on dt. 24/07/24 in working condition ,loco was checked and found TM-5 isolated manually ,TM-5 made no"
"4344211","51022","18/07/2024","Traction Motor G9P7","","REJECT","HIGH","No explicit mechanical traction-motor diagnosis; record describes an electrical, sensor, control, operational, or unconfirmed isolation event.","; Attended in PPIO Section jobcard 136 during loco 33305 visit for IA on Apr 22 2025 12:37PM.   "
"4340750","41575","16/07/2024","Traction Motor G9P7","DE side deflector displaced","LEVEL_2","HIGH","Maintenance narrative identifies a serious mechanical traction-motor, rotor/stator, gearcase, wheel-heating, smoke, or vibration failure.","DE side deflector displaced; Crew given as per availability due to more AC+DSL division holding i.e ( AC 154 + 24 DSL) AGAINST (55 AC+ 45 DSL), This is resulting in an acute position of crew. 12 crew have completed 12 hours working, 32 sectional relief given and 354 Crew were booked for trains. 3. Enroute crew change cases are becoming more as trains are not reaching the crew change point with in stipulated duty hours because of precedence to coaching trains. In order to strictly comply 12 hours"
"4337394","30354","15/07/2024","Traction Motor G9P7","DE Bearing Seize) (Reqd. to add in Bearing)","LEVEL_1","HIGH","Maintenance narrative explicitly identifies axle/bearing/labyrinth/pinion seizure, lock, or mechanical jamming.","DE Bearing Seize) (Reqd. to add in Bearing); SMOKE FROM UNDER TRUCK & AXLE NO 6 NOT MOVING TM-6 DE bearing seized.  DE Bearing Seize) (Reqd. to add in Bearing)"
"4336731","30642","14/07/2024","Traction Motor G9P7","Rotor copper bar broken","REJECT","HIGH","No explicit mechanical traction-motor diagnosis; record describes an electrical, sensor, control, operational, or unconfirmed isolation event.","Rotor copper bar broken; LP REPORTED TO TLC EX KSPR ABOUT LOCO TROUBLE THAT IN VS- MPR SECTION- F0301P1 (DISTURBANCE IN CONV-2) APPEARED TWO TIMES & TR. BOGIE-2 ISOLATE. TRAIN RUN WITH SINGLE BOGIE UP TO MYG, VCU USE IN MYG ENTERING & TM-4 ISO BY SHED STAFF SH- PAWAN AND USE VCU LOCO GOT NORMAL WITH 5 TM.AFTER PASSING LKD/PLJ N/S VCB NOT CLOSE SAME TIME F0201P1 (DISTURBANCE IN CONV-1) APPEARED & TR. BOGIE-1 ISO,THEN AGAIN USE VCU LOCO GOT NORMAL. AGAIN AFTER PASSING NIU/CVJ N/S, VCB NOT CLOSE SA"
"4332737","33513","12/07/2024","Traction Motor G9P7","Phase to phase winding resistance diff.","REJECT","HIGH","No explicit mechanical traction-motor diagnosis; record describes an electrical, sensor, control, operational, or unconfirmed isolation event.","Phase to phase winding resistance diff.; As per Loco Link WAP7 to be connected at SC, but WAG9 loco which was fit for 90KMPH was connected, caused loss on run between PAVP-AKP traction motor no-2 defect  Phase to phase winding resistance diff."
"4327219","33173","10/07/2024","Traction Motor G9P7","Speed Sensor Defective (Interlock AG)  (Reqd. to add in Speed Sensor)","REJECT","HIGH","No explicit mechanical traction-motor diagnosis; record describes an electrical, sensor, control, operational, or unconfirmed isolation event.","Speed Sensor Defective (Interlock AG)  (Reqd. to add in Speed Sensor); TRAIN- LE/NDV LOAD-25/1250 PROPILSION- IGBT B/SYSTEM- KNORRS LP NAME- MADHUSUDHAN MEENA (UDN) BRIEF INCIDENT- LP informed Ex TBV 03:15 that fault msg F1302P1 ( Disturbance in processor STB 1) and F0201P1 (Disturbance in con. 1) comes. LP done MCE and battery off/on for 5 min.  After that multi fault F1401P1(Disturbance in processor HBB2) and F0110P1(fatal error in main circuit) comes and main power off.  After consulted K C U"
"4326473","30739","09/07/2024","Traction Motor G9P7","Rotor copper bar broken","REJECT","HIGH","No explicit mechanical traction-motor diagnosis; record describes an electrical, sensor, control, operational, or unconfirmed isolation event.","Rotor copper bar broken; BETWEEN SECTION BXN-KEV MR PRESSURE DROP BELOW 6KG AND TRACTION NOT CAME TRAIN HAD STOPPED KEV DOWN HOME TRY TO BP AND FP ANGLE COC CLOSED BY LOAD SIDE. TRY TO BOTH VEUL COC OPERATE 2-3 TIMES, AIR DRYER ISOLATE SANDER COC CLOSE MC OFF/ON VEUL COC NEUMATIC BUT NOT SUCCESS ASSISTANT LOCO DEMAND MAKE SINGLE PIPE BUT PRESSURE NOT CAME. MR PRESSURE MAINTAIN AFTER THEN VEUL COC WEDGE WITH IRON WIRE, CONSULT WITH CCR WITH SINGLE PIPE SECTION CLEAR, AFTER SECTION CLEAR FP COC OP"
"4320458","30221","06/07/2024","Traction Motor G9P7","Misc./Others","REJECT","HIGH","No explicit mechanical traction-motor diagnosis; record describes an electrical, sensor, control, operational, or unconfirmed isolation event.","Misc./Others; •19:52 hrs. train arrived at SPJ.  •20:14 hrs. loco reversed & attached to the load. •20:20 hrs. PR ready. •20:24 hrs. starer signal given.  •LP tried to start the train but message appeared on DDS ‘F1101P2 auxiliary HB-1 MCB tripped in auxiliary cubical’ & TE was not getting. LP tried every possible way to rectify but not succeed.  •20:35 hrs. CLI/SPJ Sri P.N. Kumar arrived on the loco & tried to rectify accordingly TSD i.e. i.Checked all MCBs of HB-1 cubical, found all are reset."
"4315308","30514","04/07/2024","Traction Motor G9P7","DE Bearing Seize) (Reqd. to add in Bearing)","LEVEL_1","HIGH","Maintenance narrative explicitly identifies axle/bearing/labyrinth/pinion seizure, lock, or mechanical jamming.","DE Bearing Seize) (Reqd. to add in Bearing); DUE TO SKIDDING SOUND COMING FROM TRACTION BOGIE-1. As per report , loco while working in train no. 12447  between VGLJ-KRQ ,after passing from VGLJ station LP experienced abnormal sound coming from underframe .Hence loco failed by TLC . Further CLI checked , on wheel no. 1  - 50*40 & wheel no.2 - 50-45 skidding mark found . Loco checked  at NZM  O/P by TKD staff & found TM1 metal content more . Loco directed to TKD shed for further attention . At TKD"
"4308609","41719","30/06/2024","Traction Motor G9P7","Earth Fault in Stator winding","REJECT","HIGH","No explicit mechanical traction-motor diagnosis; record describes an electrical, sensor, control, operational, or unconfirmed isolation event.","Earth Fault in Stator winding; f 0201 p1 and f 0301p1 tm2 isolate ,load back on loop line  light loco to BD Loco arrived at ELS/BL on dt. 12/08/24 in working conditon,Loco was checked and TM-2 isolated condition ,TM -2 inductance value checked and found difference more than limit ,Meggering of TM done and found IR value L.NO-41719/BL WAG-9 IA 27.24, PROPULSION-BT TR.NO-MQSG 59-5020. LP REPORTED AFTER PASSING CHIKANI F0201P1(DIST.IN CONV-1) AND F0301P1( DIST.IN CONV-2) TM2 GOT ISOLATED. TRAIN ON "
"4308016","43335","30/06/2024","Traction Motor G9P7","Speed sensor malfunction.","REJECT","HIGH","No explicit mechanical traction-motor diagnosis; record describes an electrical, sensor, control, operational, or unconfirmed isolation event.","Speed sensor malfunction.; TRAIN NO:- N/DRD LOAD:- 60/5369 T PROPULSION:-  ALSTOM BRAKE SYSYTEM:- KNORR WORKING CAB:- 2 LP:- HARSHIT KOTECHA BRIEF INCIDENT:- WHILE RUNNING TRAIN TM-01 WAS ISOLATED BETWEEN KKRD AND VYA AFTER PASSING NEUTRAL SECTION. THEN THE TRAIN WAS TAKEN IN BIY LOOP LINE. THE LP SWITCHED OFF-ON THE MCE AND DISCONNECTED THE BATTERY FOR 5 MINS AND THE TM-01 CAME INTO SERVICE. AFTER THE DEPARTURE FROM BIY, BETWEEN NOL-BHET SECTION TM-01 WAS IN SERVICE BUT THE REMAINING TM’S WERE "
"4306991","33700","29/06/2024","Traction Motor G9P7","DE Bearing Seize) (Reqd. to add in Bearing)","LEVEL_1","HIGH","Maintenance narrative explicitly identifies axle/bearing/labyrinth/pinion seizure, lock, or mechanical jamming.","DE Bearing Seize) (Reqd. to add in Bearing); LOCO FAILED DUE TO SMOKE IN TM-1 CHECK FOUND BOGIE -1 ISOLATED VIA ROTARY SWITCH ON 29/06/24 DUE TO SMOKE FROM TM-1 , FURTHER  TM-1 PINION CUT SO TM-1 TO BE CHANGED, BOTH CAB AC WKG NORMAL, INTERMITTENTLY  DATA LOGGED BUR-3 DC LINK OVERVOLTAGE & BUR-3 OFF , DURING CHECKING ALSO BUR-3 GOING UNDER ISOLATION WHEN VCB CLOSED & ERROR INDICATION COMING ON RECC CARD SO BUR-3 RECC CARD TO BE CHANGE BY AUX/ CGL, FEW MSG LOGGED E/F FILTER CKT IR CHECK OK, CAPAC"
"4305843","30320","29/06/2024","Traction Motor G9P7","DE side  winding flashed","LEVEL_2","HIGH","Maintenance narrative identifies a serious mechanical traction-motor, rotor/stator, gearcase, wheel-heating, smoke, or vibration failure.","DE side  winding flashed; Attended in E1 Section jobcard 012 during loco 38215 visit for IC on Dec 13 2024  5:11PM.   DE side  winding flashed"
"4303829","43337","28/06/2024","Traction Motor G9P7","Speed sensor displaced / loose","REJECT","HIGH","No explicit mechanical traction-motor diagnosis; record describes an electrical, sensor, control, operational, or unconfirmed isolation event.","Speed sensor displaced / loose; Loco arrived at TDLE at 07:35 hrs, with Train No-TDLE/COAL. I/C LP gave charge to shunter Abhishek Abhinav/MLDT at 07:45 hrs. After unloading at NTPC/FKK siding, empty load drawn out, Loco was ready to proceed with Train No-BOBRN/E from TDLE. Call for this train was served to LP- Rahul Kumar/RPH by Tr No- 13054 ex MLDT. After arrival TDLE, LP Rahul Kumar took charge of this loco & on checking, LP didn't find SMGR handle at loco. Hence, same informed to TLC/MLDT at"
"4297396","33696","24/06/2024","Traction Motor G9P7","DE Bearing Seize) (Reqd. to add in Bearing)","LEVEL_1","HIGH","Maintenance narrative explicitly identifies axle/bearing/labyrinth/pinion seizure, lock, or mechanical jamming.","DE Bearing Seize) (Reqd. to add in Bearing); 06.17: GDA Taken over  10.55: RTM Arrival  12.24: RTM departure  12.51: BOD arrival on line no 3.  13.00: LP reported smoke noticed from under truck gear case no. 2 after passing RTM 'E' cabin inner distant signal. Train stopped and checked. As per LP  smoke not coming now. Again smoke noticed after passing RTM 'E' cabin. Train stopped at BOD line no 3. At BOD LP reported loco not moving. Suspected axle lock.  TRAIN IOBP 35/2500 LOCO 33696/TKDE/WCR IB"
"4293186","31327","22/06/2024","Traction Motor G9P7","Outer Labrynth Displaced/ Rubbing (Reqd. to add in Bearing)","LEVEL_1","HIGH","Maintenance narrative explicitly identifies axle/bearing/labyrinth/pinion seizure, lock, or mechanical jamming.","Outer Labrynth Displaced/ Rubbing (Reqd. to add in Bearing); Loco-31327 (GMO) was attended by CLI/BJRI Sri S.B.Singh with Tech/OP/SDL Mr. Santosh Kumar and reported  As per TLC checked Loco for smoke emissions from TM-2 at BJRI at 13:30hrs, after checking found  No smoke emission but burning smell comes from TM-2, isolates Traction Bogie-1 by switch 154 and during shunting of Loco from L/No-3 to L/No-08 found Wheel is freely moves but burning smell still comes whereas Traction bogie-1 was isolat"
"4284592","38107","18/06/2024","Traction Motor G9P7","Misc./Others","REJECT","HIGH","No explicit mechanical traction-motor diagnosis; record describes an electrical, sensor, control, operational, or unconfirmed isolation event.","Misc./Others; Loco Case- Stalling due to loco trouble. Previous Remark: 1. Abnormal sound coming from TMB-2 2. On running condition sometimes TM-4 & TM-6 isolated since 20.01.2024. 3. Sometimes LSP glowing when taken TE more than 50%. LP was booked on TO from BYT and CTO of the above train at BYT Line No. 06. After getting singal, while starting the train, LP experienced less Tractive Effort from Traction Bogie 2. So LP coould not gain the attacking speed and train finally stalled after passing "
"4281794","30377","16/06/2024","Traction Motor G9P7","","REJECT","HIGH","No explicit mechanical traction-motor diagnosis; record describes an electrical, sensor, control, operational, or unconfirmed isolation event.","; Loco outage 23.16 against the  sanctioned outage of  14.54  in the last cadre review.  8 set  crew utilized for SPL trains.     05 Nos  of  ALP & 09 Nos LP under going training. Due to agitation by Loco  Running staff demanded 46 hrs periodical rest which resulted Train delay.   "
"4276998","30486","14/06/2024","Traction Motor G9P7","DE Bearing Seize) (Reqd. to add in Bearing)","LEVEL_1","HIGH","Maintenance narrative explicitly identifies axle/bearing/labyrinth/pinion seizure, lock, or mechanical jamming.","DE Bearing Seize) (Reqd. to add in Bearing); 17.00 hrs NDLS dep RT  17.17 hrs LP stop the train at KM 6/28 due to UP train LP reported smoke in loco.  17.24 hrs 1. Due to improper play of roller in the cage resulted obstruction of free movement of roller in cage due to which gradually heat generated and resulted in Bearing seizure. 2. Due to uneven etching on inner race (material defect), there was gradual rise of temperature due to unwanted material between roller and inner race. This lead to g"
"4276828","30451","14/06/2024","Traction Motor G9P7","Speed sensor malfunction.","REJECT","HIGH","No explicit mechanical traction-motor diagnosis; record describes an electrical, sensor, control, operational, or unconfirmed isolation event.","Speed sensor malfunction.; Ex NCR train arrived DDU PF-1 at 09:42 hrs without information of defects, on arrival CC reported TM-1+2 isolate. CLI put MCE+BA off & on then loco became normal, S/L at 09:57 hrs & depart at 10:00 hrs RT. As per CLI Yogendra Yadav after passing DCX TM-2 isolate & after passing DGO TM-1 isolate. Train arrived GAYA PF- 3 at 12:49 hrs, LP put MCE off & on, loco became normal, S/L at 12:52 hrs & depart at 12:55 hrs (1' extra for MCE off & on). Ex GAYA CLI Purushotam/GMO F"
"4275730","32206","13/06/2024","Traction Motor G9P7","DE side  winding flashed","LEVEL_2","HIGH","Maintenance narrative identifies a serious mechanical traction-motor, rotor/stator, gearcase, wheel-heating, smoke, or vibration failure.","DE side  winding flashed; LP REPORTED AT 14:59HRS. THAT TRAIN STOPPED BETWEEN DY-BXN DUE TO GATE SIG. WAS ON. AFTER STOPPED FAULT F0104P1 (CATENARY VOLTAGE OUT OF LIMIT) APPEARED ON DDS AND VCB OPEN, PANTO LOWERED WITH BP+MR PRESSURE DROPPED. LP ACK. THE FAULT AND CHECKED OHE VOLTAGE. IT WERE 27KV. HE ENERGIZED THE LOCO. BUT HE NOTICED THAT WKG CAB SIDE PANTO RAISED WHILE PANTO SELECTOR SWITCH WAS AUTO POSITION. HE CREATED MR AND BP PRESSURE. BUT WHEN MR PRESSURE WAS 7.0KG/CM2 AND BP PRESSURE WA"
"4274412","33687","13/06/2024","Traction Motor G9P7","","REJECT","HIGH","No explicit mechanical traction-motor diagnosis; record describes an electrical, sensor, control, operational, or unconfirmed isolation event.","; 33687 VTA SHED LOCO WAS COMING FROM EX-BRC WTH BOGGIE-2 ISOLATED ALREADY MEMO SERVED TO DY R/ADI TO PLAN TO VTA SHED .BUT THEY REFUSED TO DO SO AT RIGHT TIME WHILE ARRIVING AND NEW EP PROVIDED FOR THAT TRAIN MSIB. ATTACHMENTS HAVE MEMO FROM TLC/ADI TO DY R ADI. During shed investigation, copper strip piece found in Traction Motor and same was touching with TM stator stamping and coil due to which insulation resistance (IR) of all 3-phases became zero and loco given trouble of “Earth Fault Leve"
"4275027","32217","13/06/2024","Traction Motor G9P7","","REJECT","HIGH","No explicit mechanical traction-motor diagnosis; record describes an electrical, sensor, control, operational, or unconfirmed isolation event.","; LP REPORTED AT 14:59HRS. THAT TRAIN STOPPED BETWEEN DY-BXN DUE TO GATE SIG. WAS ON. AFTER STOPPED FAULT F0104P1 (CATENARY VOLTAGE OUT OF LIMIT) APPEARED ON DDS AND VCB OPEN, PANTO LOWERED WITH BP+MR PRESSURE DROPPED. LP ACK. THE FAULT AND CHECKED OHE VOLTAGE. IT WERE 27KV. HE ENERGIZED THE LOCO. BUT HE NOTICED THAT WKG CAB SIDE PANTO RAISED WHILE PANTO SELECTOR SWITCH WAS AUTO POSITION. HE CREATED MR AND BP PRESSURE. BUT WHEN MR PRESSURE WAS 7.0KG/CM2 AND BP PRESSURE WAS 4.5KG/CM2 AGAIN LOCO S"
"4274827","32217","13/06/2024","Traction Motor G9P7","Brazing failure","REJECT","HIGH","No explicit mechanical traction-motor diagnosis; record describes an electrical, sensor, control, operational, or unconfirmed isolation event.","Brazing failure; LP REPORTED AT 14:59HRS. THAT TRAIN STOPPED BETWEEN DY-BXN DUE TO GATE SIG. WAS ON. AFTER STOPPED FAULT F0104P1 (CATENARY VOLTAGE OUT OF LIMIT) APPEARED ON DDS AND VCB OPEN, PANTO LOWERED WITH BP+MR PRESSURE DROPPED. LP ACK. THE FAULT AND CHECKED OHE VOLTAGE. IT WERE 27KV. HE ENERGIZED THE LOCO. BUT HE NOTICED THAT WKG CAB SIDE PANTO RAISED WHILE PANTO SELECTOR SWITCH WAS AUTO POSITION. HE CREATED MR AND BP PRESSURE. BUT WHEN MR PRESSURE WAS 7.0KG/CM2 AND BP PRESSURE WAS 4.5KG/C"
"4273861","33687","12/06/2024","Traction Motor G9P7","Misc","REJECT","HIGH","No explicit mechanical traction-motor diagnosis; record describes an electrical, sensor, control, operational, or unconfirmed isolation event.","Misc; 21:02 FIRST INFORMATION FROM LP THAT TB-2 GET ISOLATED WITH MESSAGE F0301P1 BETWEEN USRA-JKT. 21:33 TRAIN RET ARRIVAL & MCE/BATT. OFF/ON. 21:42 AFTER TRAIN START AGAIN TB-2 GOT ISOLATED. 22:20 MEMO GIVEN TO DY GOODS FOR LIGHT LOAD HOME SHED. 00:10 33687 VTA ATTACHED ON MSIB. 02:05 TRAIN NO. MSIB GDA H/O. During shed investigation, copper strip piece found in Traction Motor and same was touching with TM stator stamping and coil due to which insulation resistance (IR) of all 3-phases became "
"4273800","38667","12/06/2024","Traction Motor G9P7","Speed Sensor defective (Jacquet/ABB)  (Reqd. to add in Speed Sensor)","REJECT","HIGH","No explicit mechanical traction-motor diagnosis; record describes an electrical, sensor, control, operational, or unconfirmed isolation event.","Speed Sensor defective (Jacquet/ABB)  (Reqd. to add in Speed Sensor); LP reported at 21:45 hrs that LP CTO at 20:10 hrs GAYA Line No. - 05 and depart at 20:55 hrs. Train stopped at 21:10 hrs after passing 03 OHE mast due to when LP taken throttle for traction then speed not increases more than 02 KMPH & loco vibrates. LP put MCE + BA off & on but loco not normal then LP put switch-152 on '1' position but loco not normal. Then LP depart at 21:18 hrs with 02 KMPH speed and arrived at Sig no 58 on "
"4267084","43342","09/06/2024","Traction Motor G9P7","","REJECT","HIGH","No explicit mechanical traction-motor diagnosis; record describes an electrical, sensor, control, operational, or unconfirmed isolation event.","; Train No-13484 (BTI-BLGT FARAKKA EXP) was taken over ex KIUL at 00.38 hrs (28' Late). Train arrived at MLDT PF No-04 at 06.34 hrs. After sometimes, NFR(MLDA) Lobby informed that BLGT end CBC coupling was not opening due to CRO. Neither TLC/DNR nor I/C Crews gave any prior information to TLC/MLDT. TLC/MLDT immediately informed CLI/MLDT N.Chowdhury & TXR/Staff for attending this matter. In the meantime, TLC/MLDT contacted to TLC/KIR for allowing this loco, but TLC/KIR Ashish Kumar refused to acc"
"4265801","37481","08/06/2024","Traction Motor G9P7","Misc","REJECT","HIGH","No explicit mechanical traction-motor diagnosis; record describes an electrical, sensor, control, operational, or unconfirmed isolation event.","Misc; Train A/PNME at 20.37 and L/PNME at 20.39 but Just after departure message given Disturbance in Converture-2 FO301P1 and Bogie-2 Isolate. Due to no Stoppage between PNME-GAYA LP Could Not Put MCE OFF/ON. LP also talked with CLI. Train Pass MPO at 22.34. Note:-TLC/DHN inform to TLC/DDU to check the Loco at GAYA. As per above observation it was concluded that on run Traction Bogie2 permanently isolated and Loco run with half Traction due to TM6 was dead bonded.  Misc"
"4264915","39119","08/06/2024","Traction Motor G9P7","DE side  winding flashed","LEVEL_2","HIGH","Maintenance narrative identifies a serious mechanical traction-motor, rotor/stator, gearcase, wheel-heating, smoke, or vibration failure.","DE side  winding flashed; 1.At 09:00 hrs train departed from NTV. 2.At 09:23 hrs train arrived at LIR line no-1. 3.At 09:30 hrs LP informed after arrival at LIR he found smoke coming from traction motor no-2 gear case. 4.At 09:31 PNL counseled to LP to releasing of brake block and free movement of wheels & also advised to check axle box temperature. 5.At 09:35 hrs informed that brake blocks are released, wheels are moving freely and axle box temperature is normal. 6.At 09:37 hrs failure memo ser"
"4264866","31073","08/06/2024","Traction Motor G9P7","Pinion shaft broken","LEVEL_1","HIGH","Maintenance narrative explicitly identifies axle/bearing/labyrinth/pinion seizure, lock, or mechanical jamming.","Pinion shaft broken; Attended in INV Section jobcard 032 during loco 22582 visit for IA on Jul 21 2024  7:39PM. Loco earlier failed on 20.05.24. Loco arrived shed on 11.06.2024 , checked & found TR BG-1 isolate due to fault    SLG1- Temp. difference motors Bg 1 > Lm    ASC1- Error tachogenerator 2    FLG1- SS02 TR BG1 off    Further check TM 1,2,3 , found TM2 pinion parted .   Hence TM2 changed .  Pinion shaft broken"
"4264735","31534","08/06/2024","Traction Motor G9P7","Element Defective/Ground","REJECT","HIGH","No explicit mechanical traction-motor diagnosis; record describes an electrical, sensor, control, operational, or unconfirmed isolation event.","Element Defective/Ground; LOCO WORKING 5 TM. As per LP reported , Loco while working train no. MSPC load 59=59=5100T ,stop through signal BTBR HOME SIGNAL  since LP experienced fault F0506P2 MOTOR3 BG2 ISOLATE ,BPFA glow  without DJ tripping. Further checked TM4 temperature showing 250degree & other TM'S temperature shows normal . Hence TM4 isolate & loco directed 05TM towards H/shed . Loco on arrival checked & found all TM temperature shown between 44-48 degree  celsius, normal. DDS data checke"
"4264469","30583","07/06/2024","Traction Motor G9P7","","LEVEL_2","HIGH","Maintenance narrative identifies a serious mechanical traction-motor, rotor/stator, gearcase, wheel-heating, smoke, or vibration failure.","; As per helpline instrction LP reset twice TCU MCB, when again tripped helpline refuse to reset and arranged CLI/BAY to check the loco even CLI contacted helpline but refuse to reset and advice to work with only 6 traction motors Loco arrived to ELS/LGD on 08.06.24 in working condition with TM-2 isolation. Loco was examined and from the DDS, it was observed that during the occurence time, fault messages “LIC1/2 :Earth Fault  Level -1at T/F or TM Side, LIC1/2 :Earth fault Level 2 DCL Positive si"
"4258376","30632","04/06/2024","Traction Motor G9P7","","LEVEL_1","HIGH","Maintenance narrative explicitly identifies axle/bearing/labyrinth/pinion seizure, lock, or mechanical jamming.","; Crew given as per availability due to more AC+DSL division holding i.e ( AC 168 + 39 DSL) AGAINST (55 AC+ 45 DSL), This is resulting in an acute position of crew. 6 crew have completed 12 hours working, 39 sectional relief given and 335 Crew were booked for trains. 3. Enroute crew change cases are becoming more as trains are not reaching the crew change point with in stipulated duty hours because of precedence to coaching trains. In order to strictly comply 12 hours duty as per board instructi"
"4252808","31038","01/06/2024","Traction Motor G9P7","NDE side winding flashed","LEVEL_2","HIGH","Maintenance narrative identifies a serious mechanical traction-motor, rotor/stator, gearcase, wheel-heating, smoke, or vibration failure.","NDE side winding flashed; FP CLI Md M. Alam reported at 23:38 hrs that loco 31038 Tr. Bogie-1 isolate Ex SSM. When starting Ex SSM MCE+HBA off & on but loco not normal. As per Dy/G/CNL train arrived SSM at 23:20 hrs, S/L at 23:26 hrs but not started due to loco trouble, Sig Put back at 23:28 hrs. As per CLI after start ex SSM at 23:26 hrs DDS message came Disturbance in converter-1: Bogie-1 isolate, FLG10094- SS02+ F0201P1 & throttle not responded, manually MCB 127.1/1 trip + Switch no 194.1 on "
"4251761","33687","01/06/2024","Traction Motor G9P7","Speed Sensor Defective (ARC)  (Reqd. to add in Speed Sensor)","REJECT","HIGH","No explicit mechanical traction-motor diagnosis; record describes an electrical, sensor, control, operational, or unconfirmed isolation event.","Speed Sensor Defective (ARC)  (Reqd. to add in Speed Sensor); TM6 ISO EX SCR, STS AT KSWR FOR BANKAR LOCO Four out of eight bolts of air duct bellow connections found worked out and missing due to which air got leaked from bellow connection bolts. Hence, TM6 isolated and loco reported in failure.  Speed Sensor Defective (ARC)  (Reqd. to add in Speed Sensor)"
"4252246","31065","01/06/2024","Traction Motor G9P7","Speed sensor defect","REJECT","HIGH","No explicit mechanical traction-motor diagnosis; record describes an electrical, sensor, control, operational, or unconfirmed isolation event.","Speed sensor defect; In leading loco throttle stop responding.Transient fault of MCE.Loco ready after OFF/ON MCE As per reported MU loco no .31065+31361  checked at BIA F/P & reported  in leading loco 31065 TRBG1 isolate due to fault  ASC1- Ps fault storage CGP ASC1- Error PS hardware  SLG1- Speed disturbance  SLG1- BG1 wheel skidding  ASC1- ETG 1 ASC1- ETG 3 Loco directed  09TM working towards H/shed for attention . On arrival checked found during individual TM movement ,   Jerk noticed from TM"
"4249606","41199","31/05/2024","Traction Motor G9P7","","REJECT","HIGH","No explicit mechanical traction-motor diagnosis; record describes an electrical, sensor, control, operational, or unconfirmed isolation event.","; Train arrived at NFK at 13:08 hrs. At, 13:33 hrs, Loco tripped with LSSIT lamp glowing and on checking found SIV internal fault. Then LP informed at 13.32 hrs and reseted SIV by reset button but not succeed. After put HBA 'Off' & 'On' & after 2 minutes energised loco. Then Loco became normal. But, again SIV internal fault occurred at 13:43 hrs, but this time problem was not rectified even though, LP made HBA 'Off/On' for 5 minutes. SIV internal fault repeatedly came & smell found from SIV. LP "
"4247443","37353","30/05/2024","Traction Motor G9P7","DE Bearing Seize) (Reqd. to add in Bearing)","LEVEL_1","HIGH","Maintenance narrative explicitly identifies axle/bearing/labyrinth/pinion seizure, lock, or mechanical jamming.","DE Bearing Seize) (Reqd. to add in Bearing); Resolved - Due to heat generation there was grease starvation.  The inner race rotation is evident. Due to over heating of shaft, the heat was transmitted on inner race and inner race swelled and rotated. Due to the rotation the shaft rubbing seen and inner bearing stopper rubbing seen resultant TM4 DE side Bearing seize LP reported fault F0301P1(Disturabance in converter-2) and Traction bogie -2 was isolated between AST (Asoti ) and BVH(Ballabhgargh)"
"4247217","43276","29/05/2024","Traction Motor G9P7","Speed sensor defect","REJECT","HIGH","No explicit mechanical traction-motor diagnosis; record describes an electrical, sensor, control, operational, or unconfirmed isolation event.","Speed sensor defect; Loco was checked by CLI/PND Sri Subhash Chandra and reported on checking found TM-3 was isolated condition but no remark regarding TM-3 isolation also I/C LP was did not know TM-3 was isolate condition.TM-3 was previously isolated many time remark found in Loco book and in DDS TM-3 isolation message found on date 15-05-2024, 24-05-2024 & 29-05-2024. Tried to recovered TM-3 by MCE Off/On but unsuccessful. So advised Loco will work only light load and duly attended by home she"
"4247219","33038","29/05/2024","Traction Motor G9P7","Pinion shaft broken","LEVEL_1","HIGH","Maintenance narrative explicitly identifies axle/bearing/labyrinth/pinion seizure, lock, or mechanical jamming.","Pinion shaft broken; FINDINGS: Loco received from R div with TM-3 isolated without previous information. So after placement at JND4 loco marked TR to avoid section failure Attended in INVST Section jobcard 012 during loco 33038 visit for IA on Jun 24 2024 11:15AM. As per TLC BSP: 5TMs working.  Pinion shaft broken"
"4246013","31103","29/05/2024","Traction Motor G9P7","DE End plate loose on shaft","LEVEL_1","HIGH","Maintenance narrative explicitly identifies axle/bearing/labyrinth/pinion seizure, lock, or mechanical jamming.","DE End plate loose on shaft; SM/SKN reported smoke in loco no.-31103/AQ of Train no.-12237. Train stopped at-14:26 in block section before home signal of HRPG due to Axle lock of wheel no.-01 of loco. Train 12237 passed SKN-14:20. Informed to TLC/CNL & TXR/CNL & MTS/CNL At 16:40 train backed in line 04 loop line At 17:15 EOT, P/R 17:20 At 17:25 train 12237UP departed from HRPG. As per report, loco while working in train no. 12237 ,after passing SKN section train stopped at HRPG station .LP check"
"4246039","43276","29/05/2024","Traction Motor G9P7","Speed sensor defect","REJECT","HIGH","No explicit mechanical traction-motor diagnosis; record describes an electrical, sensor, control, operational, or unconfirmed isolation event.","Speed sensor defect; Loco was checked by CLI/PND Sri Subhash Chandra and reported on checking found TM-3 was isolated condition but no remark regarding TM-3 isolation also I/C LP was did not know TM-3 was isolate condition.TM-3 was previously isolated many time remark found in Loco book and in DDS TM-3 isolation message found on date 15-05-2024, 24-05-2024 & 29-05-2024. Tried to recovered TM-3 by MCE Off/On but unsuccessful. So advised Loco will work only light load and duly attended by home she"
"4237983","32134","25/05/2024","Traction Motor G9P7","TM bearing seized","LEVEL_1","HIGH","Maintenance narrative explicitly identifies axle/bearing/labyrinth/pinion seizure, lock, or mechanical jamming.","TM bearing seized; AFTER PASSING NEUTRAL SECTION . PENTO GRAPH SUDDEN LOWERED. MESSAGE CAME VCB STUCK UP ON POSITION AND CATENARY VOLTAGE OUT OF RANGE. TRAIN STOPPED AND MAKE MCE OFF / ON LOCO PUT RIGHT. During investigation found TM bearing seized. The reason of failure is excess heating of bearing due to either rubbing of its mating component or bearing self-defects and also Brass cage deformation lead in roller settled on Inner racer and stuck on its surface by making groove mark. This is a p"
"4235485","43634","24/05/2024","Traction Motor G9P7","Speed sensor malfunction.","REJECT","HIGH","No explicit mechanical traction-motor diagnosis; record describes an electrical, sensor, control, operational, or unconfirmed isolation event.","Speed sensor malfunction.; AS PER LP NOTICE AT SBIYD  MESSEGE COMES CONVERTER-1 COOLENT PRESSURE BELOW AND BOGGEI-1 ISOLETED. LP CE OFF-ON THEN AFTER LOCO NORMAL.BUT ARRIVING.AT SBT AND ADI AGAIN SAME PROBLEM FACE LP AND ALSO LSP GLOWING. AS PER TSD GUIDLINE AND SSE/VTA & E/FITTER ATTEND LOCO.AS PER SSE/VTA INFORM TRACTION CONTACTOR-1 IN DISTURBANCE AND LSP GLOWING.LOCO SPEED NOT INCREASE MORE THEN 5 KMPH  AND MESSESE COMING ON DDS SS02:TRACTION BOGGIE-1 DISTURBANCE IN CNVERTOR-1.TRY TO CLOSE VC"
"4233739","33705","23/05/2024","Traction Motor G9P7","","REJECT","HIGH","No explicit mechanical traction-motor diagnosis; record describes an electrical, sensor, control, operational, or unconfirmed isolation event.","; TRAIN NO - N/KYN, LOAD- 43/3830 T, PROPULSION - BT, B/SYS- KNORR'S LP NAME - MAHESH I RATHOD, BRIEF- PPIO BL LCO DEMANDED IN SHED FOR TM 1,2,3,4 CHANGING.FRESH LOCO PROVIDED AT 38255. 13:05 - DRD ARR. 13:25 - LOCO DETACHED. 13:40 - DEPARTURE (33705) 14:55 - LE 38255 ARR. 15:40 - LOCO ATTECHED ON LOAD. 15:55 - READY & DEP. 17:20 - BL ARR (33705) DISPOSAL - LOCO GIVEN IN BL SHED AT 18:00 ON DATE 23.05.24 Loco arrived at ELS/BL on dt. 24-05-24 in working condition ,this loco was demanded in shed "
"4232979","39095","22/05/2024","Traction Motor G9P7","Speed sensor displaced / loose","REJECT","HIGH","No explicit mechanical traction-motor diagnosis; record describes an electrical, sensor, control, operational, or unconfirmed isolation event.","Speed sensor displaced / loose; Train arrived at DDU Pf-1 at 20:32 hrs without any pre infromation of defect. On arrival Dn chaser reported that Traction Bogie-1 isolated by switch 154. On duty cli R. Yadav put MCE off & on then loco normal. S/L at 20:43 hrs and train depart at 20:44 hrs but again stopped due to message given F0211P2 and again same bogie isolate. LP stopped the train at 20:45 hrs. TLC/DHN S.Das not agree to accpet loco in half traction. Hence, Fresh loco 32875/DDU offered and O/"
"4230121","39095","21/05/2024","Traction Motor G9P7","Speed sensor displaced / loose","REJECT","HIGH","No explicit mechanical traction-motor diagnosis; record describes an electrical, sensor, control, operational, or unconfirmed isolation event.","Speed sensor displaced / loose; (EP ATTENDED BY JE SRI JAGDISH & PUT ISOLATE BOGIE-1 BY MCB 127.1/1,MCB 127.11/1 & SWITCH 154 AND MCE PUT OFF/ON GOT SUCCESS. DEP EX SITE AT 12.44) The fixation bolt of the Speed sensor of TM1 was not tightened properly on 20/05/24 which caused disturbance in the signal of the speed sensor. This has caused Loco to fail twice 21-05-24  in train no 22307  due to disturbance in signal strength of speed sensor.  Speed sensor displaced / loose"
"4229581","30346","20/05/2024","Traction Motor G9P7","","REJECT","HIGH","No explicit mechanical traction-motor diagnosis; record describes an electrical, sensor, control, operational, or unconfirmed isolation event.","; Train T/O SRR’B’ at 15.20 hrs/BT. At 21.30 hrs LP informed that Bogie 2 isolated while passing MJS. Train arrived MAJN at 21.47/12” late.TLC /PGT arranged TSP staff to spot. After  CE OFF &ON, both truck in service. Starter signal cleared at 22.00 hrs But O/G LP not ready to start the train since PRC/KRCL given instruction to LP that don’t start the train without getting permission from KRCL system . To avoid punctuality of following train SM/MAJN putback the signal and starter cleared for tra"
"4227199","30507","20/05/2024","Traction Motor G9P7","Misc","LEVEL_2","HIGH","Maintenance narrative identifies a serious mechanical traction-motor, rotor/stator, gearcase, wheel-heating, smoke, or vibration failure.","Misc; LP INFORMED EX DDR WHILE STARTING FAULT ( F0304P-2) AND SPEED NOT INCREASE MORE THAN 5 KMPH. MCE OFF/ ON THEN LOCO BECOME TO NORMAL. TM-6 ISOLATED CONDITION DUE TO PINION IS REMOVED CONDITION. WHILE PASSING FROM BOR LOOP LINE LP INFORMED AT 01.57 HRS HE NOTICED SMOKE FROM TM-4 SO STOPPED THE TRAIN AT MAIN LINE. AS PER LP AXLE NO-4 SUSPECTED RUNNING JAM. ADVISED HIM TRAIN TO BE BACK IN LOOP. TRAIN BACK IN LOOP LINE AT.02.02 HRS. RELIEF LOCO DEMAND AT 01.58 HRS. LOCO NO. Suspected due to end"
"4223199","37491","17/05/2024","Traction Motor G9P7","DE Bearing Seize) (Reqd. to add in Bearing)","LEVEL_1","HIGH","Maintenance narrative explicitly identifies axle/bearing/labyrinth/pinion seizure, lock, or mechanical jamming.","DE Bearing Seize) (Reqd. to add in Bearing); TRAIN NO. 12951 LOAD – 21/42 – 1050T WKG CAB - 2 LP – ARUN KUMAR SINGH (BDTS) BUR – MEDHA SR – MEDHA BRAKE TYPE – E-70 BRIEF - 17:28 HRS – DY. PUNCTUALITY INFORMED TO TLC THAT SMOKE FROM LOCO OF 12951. 17:36 HRS – LP INFORMED TO TLC THAT TRAIN BETWEEN  KILE – BVI AT KM NO. 32/03 DUE TO THAT TM-6 , AXLE-6  WAS JAMMED. ADVISED LP TRY TO ISOLATE BOGIE - 2 ELECTRICALLY AND PNEUMATICALLY. BUT LP INFORMED THAT BOGIE IS VIBRATING AND SMOKE FROM TM-6. 17:37 H"
"4215368","41099","13/05/2024","Traction Motor G9P7","Temperature sensor defective","REJECT","HIGH","No explicit mechanical traction-motor diagnosis; record describes an electrical, sensor, control, operational, or unconfirmed isolation event.","Temperature sensor defective; PT- 1 isolate  & working in same load plan to attend SWM Loco checked on 14/05/2024 at NKJ Trip shed by ELS/ NKJ staff found the TM-4 temperature sensor defective, same changed by good temperature sensor which is sent from ELS/ASN & Loco given fit. Defective Temperature sensor-                       Make- Florican enterprises.                      Serial no.- 29191, Mfg- 10/2020.  Temperature sensor defective"
"4213883","33042","12/05/2024","Traction Motor G9P7","Earth Fault in Stator winding","LEVEL_2","HIGH","Maintenance narrative identifies a serious mechanical traction-motor, rotor/stator, gearcase, wheel-heating, smoke, or vibration failure.","Earth Fault in Stator winding; TM-1 IR'0' in U/Sch. After dismantle found stator winding flashed. This is an out of warranty material failure case found TM-1 IR 0 Mohm due to which bogie-1 isolated.  Earth Fault in Stator winding"
"4212433","31619","11/05/2024","Traction Motor G9P7","","REJECT","HIGH","No explicit mechanical traction-motor diagnosis; record describes an electrical, sensor, control, operational, or unconfirmed isolation event.","; Train L/BNF at 18.35 from L.No.- 6 and A/TKN H/S at 18.55 for L/C. After that give message convertor-2  086 earth fault in Trafo or Motor/Convt-2 103CMMA101DCUM2 feed back fault and TM-2 isolate and TM-1 all ready isolate previously. After H/S lower at 10 and train left at 19.07 and stop at TKN str. signal in through condition due to load not permissible at 19.16 and LP demanded B/PT. One M/E through pass from loop at 19.28 to L/TKN - 19.30and back report N/E at 19.41 then left 20888.         "
"4209447","31296","10/05/2024","Traction Motor G9P7","Misc./Others","REJECT","HIGH","No explicit mechanical traction-motor diagnosis; record describes an electrical, sensor, control, operational, or unconfirmed isolation event.","Misc./Others; At 10.56 hrs Train departure RNI and after passing neutral section suddenly one message appeared on display “Convertor 2 disturbance, LP acknowledge & train work  & train stop at 11.15 hrs at km-04/07 in between RNI-NJP due to automatic signal no-655 was ON position.  At 11.20 hrs Automatic signal no-655 taken off & LP try to re start train but train speed not more than 01 kmph & message appear on display SLG2:0049 & SLG1:0049 “SPEED DISTURBANCE” , SLG-2-0081 “ WARNING-LOCO IS CREE"
"4207365","37163","09/05/2024","Traction Motor G9P7","Speed sensor defect","REJECT","HIGH","No explicit mechanical traction-motor diagnosis; record describes an electrical, sensor, control, operational, or unconfirmed isolation event.","Speed sensor defect; Train 19045 Loco no 37163 (BL) Section – ST yard Propulsion- BT B SYS- KNORR’S WKG CAB 1 Load – 22/44 LPs- Santosh Sahoo (UDN) LPS reported at 09.40 (between SH 21- SH 13) that speed not increase more that 1 to 2 KMPH, F1901P1 massage comes. Advice to LPS made MCE off/on but not success. Fresh loco given 37383 BL at 09:45. This loco kept in ST Yard BRC side dhakka 7. Cli Sukhendra Singh send on loco 37163. As per him try by Bogie isolate one by one but not success. So again "
"4206311","43469","08/05/2024","Traction Motor G9P7","Speed sensor defect","REJECT","HIGH","No explicit mechanical traction-motor diagnosis; record describes an electrical, sensor, control, operational, or unconfirmed isolation event.","Speed sensor defect; Loco was checked and accompanied by CLI/SDL Sri Suresh Chandra and reported as per LP statement train left SDL at 04:38hrs, train stop at IBH(SDL-BDWA) for L/C, IB signal given at 04:56hrs and on gating IBH the train was started at 04:56 but after taking traction up to 200- 250KN TE automatically become zero without any fault message because of which train speed does not increased more than 1-2 KMPH, then MCE was OFF/ON by VCU then try to start but found same trouble then LP"
"4199130","32004","04/05/2024","Traction Motor G9P7","TM bearing seized","LEVEL_1","HIGH","Maintenance narrative explicitly identifies axle/bearing/labyrinth/pinion seizure, lock, or mechanical jamming.","TM bearing seized; Attended in PPIO Section jobcard 091 during loco 33503 visit for IA on Feb 18 2025  4:25PM.   TM bearing seized"
"4192769","32441","01/05/2024","Traction Motor G9P7","","LEVEL_2","HIGH","Maintenance narrative identifies a serious mechanical traction-motor, rotor/stator, gearcase, wheel-heating, smoke, or vibration failure.","; Up Train Con/GZB , Loco no- 27308/DDU , LP- Uday Mahto , H/Q- BRKA Inform to TLC/BRKA at 00/25 Hrs that Long Haul Dn Train Engine Smoke Seen and also Inform to Dn Train LP through VHF. TLC/BRKA at once Inform to  DY/BRKA and SEC.CNL/BRKA.                      Dn Train  L/ Haul LP Stop the Train at km no - 196/18 at 00/27 in Between RCGT- CTQ . LP - Jitendra Kumar-4 /DDU Check the Loco no-32441/BJU (1st Part of L/Haul) and found TM-6 Heavy Smoke so LP use F/Extinguisher , and LP Put TR.Bogi-2 I"
"4190943","37118","30/04/2024","Traction Motor G9P7","DE Bearing Seize) (Reqd. to add in Bearing)","LEVEL_1","HIGH","Maintenance narrative explicitly identifies axle/bearing/labyrinth/pinion seizure, lock, or mechanical jamming.","DE Bearing Seize) (Reqd. to add in Bearing); At ADI TI shed siemens staff New software update, and loco cheched found normal. This loco has been checked jointly by CLI/ASH SSE/C & W and SS/ASH at ASH (Ashbaugh) station. As per their joint report Smoke was coming from traction motor no. 5.            On further checking at Gonda shed it was found that Traction motor no. 5 drive end bearing was found seized due to TM5 retaining collar came out and touch with pinion resulting axle locked. This bear"
"4186531","39208","27/04/2024","Traction Motor G9P7","DE side deflector displaced","LEVEL_1","HIGH","Maintenance narrative explicitly identifies axle/bearing/labyrinth/pinion seizure, lock, or mechanical jamming.","DE side deflector displaced; 08.42 - FIR by LP. 08.37 - While approaching BBS Home signal, LP observed smoke emission from TM-1. 08.45 - BBS PF-03 arr. TRS/BBS attend and advice to loco detached and relief loco arrange. 08.50 - Relief loco demand by TLC. 09.15 - working loco 39208/GMO detached from train. 09.25 - Detach loco move to yard and kept on BBS yard. 09.52 - On hand loco 35040/WAP-5/GZB attached on train. 09.59 - HOG coupled. 10.15 - Air pressure ready. 10.16 - Train dep from BBS/PF-03."
"4184023","31032","26/04/2024","Traction Motor G9P7","Teeth Broken (Reqd. to add in 21 T Pinion)","LEVEL_1","HIGH","Maintenance narrative explicitly identifies axle/bearing/labyrinth/pinion seizure, lock, or mechanical jamming.","Teeth Broken (Reqd. to add in 21 T Pinion); LPM reported from GGC/LRU section that foul smell noticed while train was running between COO/GGC near IBS without any fault message on DDS. Train stopped at GGC for schedule hault and found that smoke coming out from gear case no/03. He checked thoroughly and isolated traction bogie/01 by MCB 127.1/1,127.11/2 and switch 154 on '1’. Checked all wheel movement and smoke found reduced so he starts train from GGC and suggested to attend at SWM by TRS staf"
"4182229","31242","25/04/2024","Traction Motor G9P7","Speed sensor defect","REJECT","HIGH","No explicit mechanical traction-motor diagnosis; record describes an electrical, sensor, control, operational, or unconfirmed isolation event.","Speed sensor defect; Loco Case- TB Isolation. LP was booked on TO from BSP and worked the train towards BMY direction. Loco had previous booking that Aux Conv-2 isolated since 21.04.2024. After passing from URK, LP experienced VCB tripped with fault message- TB-2 isolated, so stopped the train at KM NO. 825/29 at 04:33 hrs. Then LP informed to TLC/R and as per their advice, trying to rectify the trouble by switching the CE & Battery to OFF/ON, but not successfull. So LP demanded relief loco. Fur"
"4181276","32527","24/04/2024","Traction Motor G9P7","DE side  winding flashed","LEVEL_2","HIGH","Maintenance narrative identifies a serious mechanical traction-motor, rotor/stator, gearcase, wheel-heating, smoke, or vibration failure.","DE side  winding flashed; LPM reported from GGC/LRU section that foul smell noticed while train was running between COO/GGC near IBS without any fault message on DDS. Train stopped at GGC for schedule hault and found that smoke coming out from gear case no/03. He checked thoroughly and isolated traction bogie/01 by MCB 127.1/1,127.11/2 and switch 154 on '1’. Checked all wheel movement and smoke found reduced so he starts train from GGC and suggested to attend at SWM by TRS staff. TLC advise him "
"4178149","37271","23/04/2024","Traction Motor G9P7","Outer Labrynth Displaced/ Rubbing (Reqd. to add in Bearing)","LEVEL_2","HIGH","Maintenance narrative identifies a serious mechanical traction-motor, rotor/stator, gearcase, wheel-heating, smoke, or vibration failure.","Outer Labrynth Displaced/ Rubbing (Reqd. to add in Bearing); Up cyd Chaser reported at 02:32 hrs that train arrived DDU PF-8 at 02:24 hrs, while entering in PF smoke emission from loco underneath. On arrival up/cyd chaser found fire caught near wheel no-1 underneath. I/C ALP used 03 Fire Extinguisher then fire extinguished. At once loco tripped by LP, checked found all brake released condition. At 02:35 hrs advised to detach the loco and send to new shed. I/C loco 37271 detached & out at 02:50 h"
"4163493","41002","14/04/2024","Traction Motor G9P7","TM Pinion Teeth Broken","REJECT","HIGH","No explicit mechanical traction-motor diagnosis; record describes an electrical, sensor, control, operational, or unconfirmed isolation event.","TM Pinion Teeth Broken; Loco on the way to ELS/VSKP,  brought up to DSI from CHE , waiting at DSI for Line clear. Axle no. 6 bull gear teeth broken.  TM Pinion Teeth Broken"
"4162501","31944","14/04/2024","Traction Motor G9P7","Speed sensor defect","REJECT","HIGH","No explicit mechanical traction-motor diagnosis; record describes an electrical, sensor, control, operational, or unconfirmed isolation event.","Speed sensor defect; As per LP, train depart ex DDU Dn cyd L-4 at 11:05 hrs. Previous booking in repair book was that sometimes throttle not responding. On approaching Sig no.-124 from 11:15 to 11:17 throttle not responded, So train stop on Red Signal, after sig lower train depart. Again after passing CDMR at 12:02 hrs throttle not responding, so LP demanded loop. Train arrived SYJ loop line at 12:13 hrs, he put MCE+BA off & on, loco becomes normal and SYJ depart at 13:04 hrs. When LP put thrott"
"4163350","33277","14/04/2024","Traction Motor G9P7","Temperature sensor defective","REJECT","HIGH","No explicit mechanical traction-motor diagnosis; record describes an electrical, sensor, control, operational, or unconfirmed isolation event.","Temperature sensor defective; 00:05 FIR by LP. 23:42 Train dep BAM. 23:55 LP experience between BAM-SLRD F0301P1 disturbance in traction convertor ,traction boggie-2 iso .LP clear section with same previously F0304P2 msg existing faulty motor sensor & TMU temp show 180 c. 23:58 Train arr GTA then LP OFF/ON CE loco rectify. 00:08 Train dep GTA. 00:21 Train arr SLRD. 01:00 To avoid sectional failure loco marked TR due to reputedly bogie-2 iso Loco was checked by Angul shed and found TM-6 temperatu"
"4159690","33574","13/04/2024","Traction Motor G9P7","DE Bearing Seize) (Reqd. to add in Bearing)","LEVEL_1","HIGH","Maintenance narrative explicitly identifies axle/bearing/labyrinth/pinion seizure, lock, or mechanical jamming.","DE Bearing Seize) (Reqd. to add in Bearing); 00.11JKT ARR L N-4 00.17SIGNAL GIVEN 00.21LP GIVEN FIRST PRIMARY INFORMATION LOCO NOT MOVE TM-6 AXLE LOCK FOUND 00.24SIGNAL ON BY TFC 00.30MEMO GIVEN TO DY GOODS 00.33LOCO DETACHED FROM LOAD 01.13CLI RTM ARRIVED AT JKT BY TRAIN 12228 01.30AS PER CLI TM-6 AXLE LOCKED FOUND AND LOCO MOVEMENT NOT POSIBLE 05.50DSL SHED STAFF DEP EX RTM BY ROAD 08.40JE TRS RTM & CLI RTM WITH TRS STAFF DEP EX RTM BY 09382 10.00DSL SHED STAFF ARRIVED AT JKT 11.43JE TRS RTM &"
"4154491","31242","09/04/2024","Traction Motor G9P7","Speed Sensor Defective (ARC/IGBT)","REJECT","HIGH","No explicit mechanical traction-motor diagnosis; record describes an electrical, sensor, control, operational, or unconfirmed isolation event.","Speed Sensor Defective (ARC/IGBT); Crew Case- TIME LOSS. LP was booked on TO at 16:45 hrs from BYT and after taking charge of train worked towards BMY direction. While working on train on MDH-URK section, LP get starter signal of MDH & IB signal - On approach. Then LP stopped the train just after the neutral section of URK as home signal was danger to avoid stalling due to UP gradient of 1:150 at a stretch of 1200 mtr with 1° curve of 170 mtr ahead. After getting signal, LP started the train fro"
"4148558","38173","06/04/2024","Traction Motor G9P7","Error Techogen. due to Grease entered sensor box","REJECT","HIGH","No explicit mechanical traction-motor diagnosis; record describes an electrical, sensor, control, operational, or unconfirmed isolation event.","Error Techogen. due to Grease entered sensor box; LP INFORMED AT 16:35 FROM KEB YARD THAT F1009P1 TRACTION NOT ALLOWED WITH APPLIED BRAKE FAULT APPEAR. TRY AS PER TSD MCE OFF/ON SAME PUT RIGHT BUT AFTER SOMETIME SAME FAULT APPEAR. TRIED BY PRESSURE SWITCH 269.6/1 & 269.6/2 THEN SUCCESSES. BUT AGAIN LP INFORMED THAT SPEED NOT INCREASE MORE THAN 2KMPH. SO LOCO DECLARED FAIL AT 19:20. LOCO SHUT DOWN ON LOAD FRESH LOCO PROVIDED FROM EX BL 41692. LOCO NO 38173 DETACHED AT BL FOR INVESTIGATION AT BL S"
"4145344","30532","04/04/2024","Traction Motor G9P7","DE Bearing Seize) (Reqd. to add in Bearing)","LEVEL_1","HIGH","Maintenance narrative explicitly identifies axle/bearing/labyrinth/pinion seizure, lock, or mechanical jamming.","DE Bearing Seize) (Reqd. to add in Bearing); 04/25 HRS SCH DEP FROM BNW  AFTER DEP BNW LP TOOK NOTCH ONE BY ONE ,AUTO REGRATION START ON 5-6 NOTCH. LP CLEAR B/S BY MANNUAL NOTCH (GR). 04/40 HRS CLEAR B/S AT BNWC  04/50 HRS. LP DEMAND RELIEF LOCO .  LP CONSULT WITH SHED & CLI SH. JAGAT SINGH (9729531437), AS PER  CLI , LP CUT-OUT MOTER NO 2,5 . BUT NOT SUCCESS . 05/00 HRS. AS PER CLI & SHED LOCO DECLARE FAILED . Loco wheel was lifted and send to Trip shed AII. At trip shed Gear case no.4 was open"
"4143364","33666","03/04/2024","Traction Motor G9P7","Teeth scored/ Pitmark/ grooved","LEVEL_2","HIGH","Maintenance narrative identifies a serious mechanical traction-motor, rotor/stator, gearcase, wheel-heating, smoke, or vibration failure.","Teeth scored/ Pitmark/ grooved; At RTM TI brc  shed staff  attended  and checked found normal.as per line booking Cab-1 side traction not comes.   Teeth scored/ Pitmark/ grooved"
"4143523","31057","03/04/2024","Traction Motor G9P7","Pinion Shaft parted (Reqd. to add in 21 T Pinion)","LEVEL_1","HIGH","Maintenance narrative explicitly identifies axle/bearing/labyrinth/pinion seizure, lock, or mechanical jamming.","Pinion Shaft parted (Reqd. to add in 21 T Pinion); Attended in E1 Section jobcard 023 during loco 37046 visit for IC on May 14 2024  9:46AM. Loco arrived in shed on date 09/04/2024, During checking found Gearcase 3 oil PPM is >12000PPM. After dropping gearcase found TM 3 pinion shaft broken. Due to which, TM 3 isolate in line and also fault message like Avg. speed too high in motor group, blocking by DSP and protective shutdown DCUM generate and lead to isolate all TM one by one because due to p"
"4142158","33666","02/04/2024","Traction Motor G9P7","","REJECT","HIGH","No explicit mechanical traction-motor diagnosis; record describes an electrical, sensor, control, operational, or unconfirmed isolation event.","; Loco working cab-1 FP angle coc broken & FP add. coc isolated due to air leakage from under frame of front power car     due to CRO done in between BBMN-VJPJ block sections.    00:06 hrs Train stopped on scheduled stoppage at DZA.    00:10 hrs  LP informed that the Harmonic filter contactor was stuck up and the harmonic filter isolated with fault                         msg. ‘F0402 P-1’. Advised LP tried to put MCE off/on and also tried with isolated bogie-1. LP did the same                   "
"4139711","41128","01/04/2024","Traction Motor G9P7","Earth Fault in Stator winding","REJECT","HIGH","No explicit mechanical traction-motor diagnosis; record describes an electrical, sensor, control, operational, or unconfirmed isolation event.","Earth Fault in Stator winding; Train working with single loco 31603 and loco 31855 dead.   Earth Fault in Stator winding"
"4138303","33520","01/04/2024","Traction Motor G9P7","Temp. sensor cable earthed/cut/loose","REJECT","HIGH","No explicit mechanical traction-motor diagnosis; record describes an electrical, sensor, control, operational, or unconfirmed isolation event.","Temp. sensor cable earthed/cut/loose; LP REPORTED AT BZMN 00:15 hrs TM-4 ISOLATED INCOMING CREW NOT INFRMED AND NO ANY BOOKING IN LOG BOOK TLC JHS NOT PERMITTED AFTER SOME TIME DY TFC/ JHS/ PERMITTED AT 01:00 As per report in this loco TM-4 was already isolated but LP not informed to TLC/JHS for TM isolation, at BZMN informed about TM isolation to TLC/JHS and refused by TLC/JHS to take loco with 01 isolate TM isolate condition. This is a case of mismanagement by TLC/CNB and crew not informed abo"
