devicetime,actual_deg,pred_deg,resid_deg,dev,score01,rule01
2024-02-01 00:45:00,70.448,71.462776,1.0147781,1.0147781372070312,0.9340659340659341,0.0
2024-02-01 00:46:00,70.85362,71.462074,0.60845184,0.8793360392252605,0.8637362637362638,0.0
2024-02-01 00:47:00,70.746956,71.46072,0.7137604,0.8241441514756946,0.832967032967033,0.0
2024-02-01 00:48:00,71.178444,71.45953,0.28108978,0.6431260285554111,0.6043956043956044,0.0
2024-02-01 00:49:00,70.28691,71.45689,1.1699753,0.8187424459575137,0.8307692307692308,0.0
2024-02-01 00:50:00,70.24832,71.455635,1.2073135,0.9482661431708945,0.8923076923076924,0.0
2024-02-01 00:51:00,72.041405,71.45407,0.5873337,0.8279553218470027,0.832967032967033,0.0
2024-02-01 00:52:00,72.13592,71.45303,0.6828842,0.7795982866675331,0.8043956043956044,0.0
2024-02-01 00:53:00,71.23447,71.45213,0.21766663,0.5922877331038763,0.5142857142857142,0.0
2024-02-01 00:54:00,72.106735,71.45068,0.65605164,0.6135423673166467,0.5472527472527473,0.0
2024-02-01 00:55:00,71.45534,71.44844,0.0068969727,0.4113272357631812,0.18461538461538463,0.0
2024-02-01 00:56:00,70.67835,71.44585,0.7674942,0.5300495577288395,0.3956043956043956,0.0
2024-02-01 00:57:00,71.415535,71.44547,0.029937744,0.3633456198661014,0.11428571428571428,0.0
2024-02-01 00:58:00,71.5239,71.44633,0.07757568,0.2680889744419843,0.03076923076923077,0.0
2024-02-01 00:59:00,71.10599,71.44756,0.34157562,0.2925845238141875,0.04835164835164835,0.0
2024-02-01 01:00:00,71.92004,71.4497,0.4703369,0.351835320563625,0.1010989010989011,0.0
2024-02-01 01:01:00,71.75722,71.45202,0.30519867,0.33628977018694794,0.08131868131868132,0.0
2024-02-01 01:02:00,71.50732,71.45312,0.05419922,0.242259586374632,0.013186813186813187,0.0
2024-02-01 01:03:00,70.874916,71.45417,0.57925415,0.3545911077132964,0.10329670329670329,0.0
2024-02-01 01:04:00,71.495,71.45529,0.039711,0.24963107132058304,0.01978021978021978,0.0
2024-02-01 01:05:00,72.36881,71.45572,0.91309357,0.4707852365118991,0.2857142857142857,0.0
2024-02-01 01:06:00,72.35338,71.456696,0.89668274,0.6127510707605369,0.5428571428571428,0.0
2024-02-01 01:07:00,71.442215,71.458305,0.016090393,0.4138641781958267,0.18681318681318682,0.0
2024-02-01 01:08:00,70.65518,71.45988,0.8046951,0.5441411619287282,0.4153846153846154,0.0
2024-02-01 01:09:00,71.363464,71.460464,0.09700012,0.3950941486425897,0.16703296703296702,0.0
2024-02-01 01:10:00,70.765396,71.46025,0.69485474,0.49501434453776816,0.34065934065934067,0.0
2024-02-01 01:11:00,71.597534,71.46012,0.13741302,0.3758139046592934,0.14065934065934066,0.0
2024-02-01 01:12:00,72.21185,71.46151,0.7503433,0.5006570440241644,0.34725274725274724,0.0
2024-02-01 01:13:00,71.070625,71.4613,0.3906784,0.4639974979366826,0.26593406593406593,0.0
2024-02-01 01:14:00,71.767914,71.45955,0.30836487,0.4121199546791426,0.18461538461538463,0.0
2024-02-01 01:15:00,70.59295,71.45847,0.8655243,0.5632547337834909,0.45714285714285713,0.0
2024-02-01 01:16:00,71.52912,71.456406,0.07271576,0.3997417422814419,0.17582417582417584,0.0
2024-02-01 01:17:00,71.064705,71.45521,0.39050293,0.3966621380834613,0.16923076923076924,0.0
2024-02-01 01:18:00,71.82636,71.454666,0.37169647,0.3883402494449638,0.15384615384615385,0.0
2024-02-01 01:19:00,70.909836,71.454254,0.54441833,0.44036627795028843,0.22637362637362637,0.0
2024-02-01 01:20:00,70.48395,71.455124,0.97117615,0.6173029011205048,0.5538461538461539,0.0
2024-02-01 01:21:00,70.807045,71.455284,0.64823914,0.6276149793277324,0.578021978021978,0.0
2024-02-01 01:22:00,69.69513,71.45535,1.7602234,1.00515111577578,0.9340659340659341,0.0
2024-02-01 01:23:00,70.35419,71.454956,1.100769,1.0370237581734367,0.9428571428571428,0.0
2024-02-01 01:24:00,71.92981,71.45627,0.47354126,0.8491962587041662,0.8395604395604396,0.0
2024-02-01 01:25:00,71.50341,71.45683,0.046577454,0.5816566570072046,0.4901098901098901,0.0
2024-02-01 01:26:00,71.60122,71.45653,0.14469147,0.4360015937665218,0.22197802197802197,0.0
2024-02-01 01:27:00,69.72691,71.455315,1.7284012,0.866801457205025,0.8505494505494505,0.0
2024-02-01 01:28:00,70.744415,71.45226,0.7078476,0.8138168365416313,0.8263736263736263,0.0
2024-02-01 01:29:00,71.30607,71.44946,0.14339447,0.5903427144327021,0.5098901098901099,0.0
2024-02-01 01:30:00,70.61081,71.44892,0.8381119,0.6729324354356035,0.6527472527472528,0.0
2024-02-01 01:31:00,71.43039,71.44871,0.018318176,0.4547276823802462,0.25934065934065936,0.0
2024-02-01 01:32:00,70.83723,71.449486,0.6122589,0.507238091964435,0.35824175824175825,0.0
2024-02-01 01:33:00,71.56179,71.44855,0.1132431,0.3759064289854046,0.14065934065934066,0.0
2024-02-01 01:34:00,71.178154,71.44739,0.2692337,0.34034885386136354,0.08791208791208792,0.0
2024-02-01 01:35:00,71.69767,71.447815,0.24985504,0.31018424974221115,0.05714285714285714,0.0
2024-02-01 01:36:00,71.660835,71.44803,0.2128067,0.2777250670481929,0.03956043956043956,0.0
2024-02-01 01:37:00,70.38945,71.4485,1.0590515,0.5381672159227536,0.4087912087912088,0.0
2024-02-01 01:38:00,71.676834,71.44885,0.22798157,0.43477199974277325,0.22197802197802197,0.0
2024-02-01 01:39:00,70.24451,71.44974,1.2052307,0.6915915707920572,0.6945054945054945,0.0
2024-02-01 01:40:00,71.473366,71.45119,0.02217865,0.4684539304954861,0.27692307692307694,0.0
2024-02-01 01:41:00,71.39401,71.45365,0.059638977,0.3321822793472512,0.07912087912087912,0.0
2024-02-01 01:42:00,70.05712,71.45561,1.3984909,0.6876184881520737,0.6857142857142857,0.0
2024-02-01 01:43:00,71.60414,71.45611,0.14803314,0.5077567061313305,0.35824175824175825,0.0
2024-02-01 01:44:00,70.31369,71.45607,1.1423798,0.7192977243349494,0.7406593406593407,0.0
2024-02-01 01:45:00,71.79014,71.45473,0.33541107,0.5913355068157475,0.5142857142857142,0.0
2024-02-01 01:46:00,71.45235,71.45439,0.0020446777,0.3949052304552901,0.16703296703296702,0.0
2024-02-01 01:47:00,71.597046,71.455,0.14204407,0.31061817609779757,0.05714285714285714,0.0
2024-02-01 01:48:00,71.57228,71.45367,0.1186142,0.2466168496576463,0.017582417582417582,0.0
2024-02-01 01:49:00,71.44413,71.453354,0.009223938,0.1674858791011913,0.0,0.0
2024-02-01 01:50:00,71.23388,71.45245,0.21857452,0.18451542737605464,0.0,0.0
2024-02-01 01:51:00,70.82799,71.453445,0.62545776,0.3314962061413281,0.07912087912087912,0.0
2024-02-01 01:52:00,70.54311,71.45539,0.9122772,0.5250898779874479,0.3912087912087912,0.0
2024-02-01 01:53:00,72.26045,71.45707,0.8033829,0.6178542098366839,0.5582417582417583,0.0
2024-02-01 01:54:00,70.49098,71.4587,0.96772003,0.7344761504705497,0.756043956043956,0.0
2024-02-01 01:55:00,71.87061,71.46012,0.41049194,0.6264814147668248,0.578021978021978,0.0
2024-02-01 01:56:00,70.50255,71.46018,0.957634,0.7368656005672062,0.7582417582417582,0.0
2024-02-01 01:57:00,70.541534,71.45928,0.9177475,0.797159566231002,0.8175824175824176,0.0
2024-02-01 01:58:00,71.99881,71.45682,0.5419922,0.7121037733206681,0.7274725274725274,0.0
2024-02-01 01:59:00,71.10746,71.45579,0.34832764,0.5908450611200288,0.5142857142857142,0.0
2024-02-01 02:00:00,71.8218,71.45435,0.3674469,0.5163790072180401,0.378021978021978,0.0
2024-02-01 02:01:00,70.90658,71.454834,0.5482559,0.5270046449487455,0.3934065934065934,0.0
2024-02-01 02:02:00,70.64087,71.45441,0.8135376,0.6225156291845804,0.5692307692307692,0.0
2024-02-01 02:03:00,70.425026,71.45315,1.028122,0.7577177355371161,0.7802197802197802,0.0
2024-02-01 02:04:00,71.139084,71.45231,0.3132248,0.6095534211849004,0.5428571428571428,0.0
2024-02-01 02:05:00,71.0258,71.452515,0.42671204,0.5486062928342045,0.421978021978022,0.0
2024-02-01 02:06:00,71.230675,71.45405,0.22337341,0.4401953329181155,0.22637362637362637,0.0
2024-02-01 02:07:00,71.17427,71.454765,0.2804947,0.3869617852592125,0.14725274725274726,0.0
2024-02-01 02:08:00,71.61622,71.45461,0.16160583,0.3118431351597875,0.05934065934065934,0.0
2024-02-01 02:09:00,71.09075,71.45316,0.3624115,0.32869925644767084,0.07692307692307693,0.0
2024-02-01 02:10:00,71.57771,71.451904,0.12580872,0.2610690762385514,0.024175824175824177,0.0
2024-02-01 02:11:00,70.953964,71.45092,0.49695587,0.3396980080197114,0.08351648351648351,0.0
2024-02-01 02:12:00,70.75805,71.450455,0.6924057,0.4572672389076722,0.25934065934065936,0.0
2024-02-01 02:13:00,72.573364,71.451,1.1223679,0.6789674455673544,0.6681318681318681,0.0
2024-02-01 02:14:00,69.90519,71.45251,1.5473175,0.9684174653391738,0.9032967032967033,0.0
2024-02-01 02:15:00,71.44736,71.45378,0.00642395,0.6477529602912202,0.6153846153846154,0.0
2024-02-01 02:16:00,70.89008,71.45474,0.5646591,0.6200550130782614,0.5626373626373626,0.0
2024-02-01 02:17:00,71.46659,71.45482,0.011772156,0.4172940606394139,0.2,0.0
2024-02-01 02:18:00,72.08316,71.45421,0.628952,0.4878467158820051,0.3208791208791209,0.0
2024-02-01 02:19:00,71.170334,71.45609,0.28575897,0.42048413464399303,0.2,0.0
2024-02-01 02:20:00,71.127045,71.45572,0.32867432,0.38988086189807875,0.15824175824175823,0.0
2024-02-01 02:21:00,71.62703,71.45534,0.1716919,0.3171512061091359,0.06373626373626373,0.0
2024-02-01 02:22:00,71.82963,71.45523,0.37439728,0.3362332300167677,0.08131868131868132,0.0
2024-02-01 02:23:00,71.70821,71.455894,0.25231934,0.30826193199034513,0.05714285714285714,0.0
2024-02-01 02:24:00,71.708435,71.45749,0.25094604,0.2891566363008551,0.046153846153846156,0.0
2024-02-01 02:25:00,70.74948,71.45813,0.7086487,0.4289873180807784,0.21318681318681318,0.0
2024-02-01 02:26:00,70.615524,71.45815,0.8426285,0.5668677050551544,0.46153846153846156,0.0
2024-02-01 02:27:00,71.948975,71.458176,0.49079895,0.5415114534352071,0.41098901098901097,0.0
2024-02-01 02:28:00,70.94758,71.45917,0.51158905,0.531537319054461,0.3956043956043956,0.0
2024-02-01 02:29:00,70.97434,71.46048,0.4861374,0.5164040094152136,0.378021978021978,0.0
2024-02-01 02:30:00,71.79435,71.46072,0.33363342,0.45548048056066326,0.25934065934065936,0.0
2024-02-01 02:31:00,71.741516,71.45982,0.2816925,0.3975511553347131,0.17142857142857143,0.0
2024-02-01 02:32:00,73.21511,71.45755,1.7575607,0.8508876802166316,0.8417582417582418,0.0
2024-02-01 02:33:00,70.83925,71.45637,0.61711884,0.7729647319608274,0.7978021978021979,0.0
2024-02-01 02:34:00,71.51481,71.45495,0.05986023,0.5352632311379475,0.4021978021978022,0.0
2024-02-01 02:35:00,70.23584,71.45428,1.2184372,0.7629878857000378,0.7868131868131868,0.0
2024-02-01 02:36:00,71.51091,71.45464,0.056266785,0.5274141853560148,0.3934065934065934,0.0
2024-02-01 02:37:00,71.48777,71.45422,0.033546448,0.362791606155312,0.11428571428571428,0.0
2024-02-01 02:38:00,73.26844,71.45574,1.8126984,0.8460938588561455,0.8373626373626374,0.0
2024-02-01 02:39:00,70.38239,71.45683,1.07444,0.9222092400512325,0.8813186813186813,0.0
2024-02-01 02:40:00,71.9436,71.45745,0.48615265,0.7768570430094155,0.8043956043956044,0.0
2024-02-01 02:41:00,70.42023,71.45603,1.0358047,0.8631729448513291,0.8505494505494505,0.0
2024-02-01 02:42:00,71.824356,71.45594,0.36841583,0.6982539074073966,0.7054945054945055,0.0
2024-02-01 02:43:00,70.34905,71.45635,1.1072998,0.8346025398340977,0.832967032967033,0.0
2024-02-01 02:44:00,70.175186,71.459274,1.2840881,0.9844310714779403,0.9120879120879121,0.0
2024-02-01 02:45:00,70.82565,71.46034,0.63468933,0.8678504913368561,0.8527472527472527,0.0
2024-02-01 02:46:00,70.78636,71.46103,0.67466736,0.8034561136907166,0.8197802197802198,0.0
2024-02-01 02:47:00,71.276726,71.45957,0.18284607,0.5965860989057903,0.5230769230769231,0.0
2024-02-01 02:48:00,71.78451,71.45727,0.32724,0.5068040626819852,0.35824175824175825,0.0
2024-02-01 02:49:00,71.315346,71.454834,0.13948822,0.3843654485262714,0.14505494505494507,0.0
2024-02-01 02:50:00,70.288704,71.45217,1.1634674,0.6440661014263684,0.6065934065934065,0.0
2024-02-01 02:51:00,71.288605,71.44979,0.16118622,0.4831061403714853,0.3120879120879121,0.0
2024-02-01 02:52:00,70.80487,71.44863,0.6437607,0.5366576539651048,0.4043956043956044,0.0
2024-02-01 02:53:00,71.6256,71.44842,0.17718506,0.41683345550798656,0.2,0.0
2024-02-01 02:54:00,69.93296,71.44951,1.5165482,0.7834050225847515,0.8087912087912088,0.0
2024-02-01 02:55:00,71.57766,71.45126,0.12639618,0.5644020747895739,0.45714285714285713,0.0
2024-02-01 02:56:00,72.089005,71.450905,0.6380997,0.5889679399964347,0.5076923076923077,0.0
2024-02-01 02:57:00,70.146614,71.45088,1.3042679,0.8274012544312168,0.832967032967033,0.0
2024-02-01 02:58:00,72.7607,71.45075,1.3099442,0.9882488872314883,0.9142857142857143,0.0
2024-02-01 02:59:00,70.74358,71.451584,0.7080002,0.8948326525228152,0.8681318681318682,0.0
2024-02-01 03:00:00,70.948586,71.45106,0.5024719,0.7640457429579185,0.7868131868131868,0.0
2024-02-01 03:01:00,71.701645,71.45193,0.24971771,0.5926030661060603,0.5142857142857142,0.0
2024-02-01 03:02:00,71.125885,71.453514,0.3276291,0.5042784071891965,0.35384615384615387,0.0
2024-02-01 03:03:00,71.86785,71.45285,0.41500092,0.47451924330191225,0.29010989010989013,0.0
2024-02-01 03:04:00,71.79214,71.45426,0.33787537,0.42897128427158737,0.21318681318681318,0.0
2024-02-01 03:05:00,71.08641,71.45495,0.3685379,0.40882682379173535,0.18461538461538463,0.0
2024-02-01 03:06:00,70.91134,71.45562,0.544281,0.45397821781428194,0.2571428571428571,0.0
2024-02-01 03:07:00,70.75561,71.45571,0.70010376,0.5360200651313963,0.4043956043956044,0.0
2024-02-01 03:08:00,70.76995,71.45587,0.6859207,0.585986948531608,0.5054945054945055,0.0
2024-02-01 03:09:00,71.07339,71.456055,0.38266754,0.5182138128557074,0.378021978021978,0.0
2024-02-01 03:10:00,69.60849,71.45689,1.8483963,0.9616079756603153,0.8967032967032967,0.0
2024-02-01 03:11:00,70.901474,71.4564,0.554924,0.8260466541836998,0.832967032967033,0.0
2024-02-01 03:12:00,71.930565,71.45535,0.4752121,0.7091018018451228,0.7274725274725274,0.0
2024-02-01 03:13:00,71.52761,71.45393,0.07367706,0.49729355555950905,0.34285714285714286,0.0
2024-02-01 03:14:00,71.059074,71.452675,0.39360046,0.46272919166206855,0.26373626373626374,0.0
2024-02-01 03:15:00,70.28215,71.45146,1.1693115,0.6982566355872124,0.7054945054945055,0.0
2024-02-01 03:16:00,71.394516,71.448616,0.054100037,0.4835377692651729,0.3120879120879121,0.0
2024-02-01 03:17:00,71.140656,71.44625,0.3055954,0.4242236454931882,0.2043956043956044,0.0
2024-02-01 03:18:00,71.02436,71.44579,0.4214325,0.42329326203452133,0.2043956043956044,0.0
2024-02-01 03:19:00,71.750755,71.44648,0.3042755,0.38362067892145174,0.14505494505494507,0.0
2024-02-01 03:20:00,70.089355,71.446365,1.3570099,0.7080837485127387,0.7274725274725274,0.0
2024-02-01 03:21:00,71.16129,71.44537,0.2840805,0.5667493341321904,0.46153846153846156,0.0
2024-02-01 03:22:00,72.13877,71.446266,0.6925049,0.6086678503589603,0.5406593406593406,0.0
2024-02-01 03:23:00,71.43847,71.44771,0.009239197,0.40885829916508815,0.18461538461538463,0.0
2024-02-01 03:24:00,71.02573,71.44867,0.42294312,0.41355323785485043,0.18681318681318682,0.0
2024-02-01 03:25:00,71.03719,71.45062,0.41342926,0.4135119119878691,0.18681318681318682,0.0
2024-02-01 03:26:00,70.882614,71.45065,0.56803894,0.46502092146847523,0.2681318681318681,0.0
2024-02-01 03:27:00,71.20966,71.45049,0.24082947,0.3902904369034627,0.16263736263736264,0.0
2024-02-01 03:28:00,70.57694,71.45238,0.8754349,0.5520052497650689,0.432967032967033,0.0
2024-02-01 03:29:00,71.549034,71.45361,0.09542084,0.3998104456441606,0.17582417582417584,0.0
2024-02-01 03:30:00,71.802505,71.45368,0.34882355,0.38281481288386754,0.14285714285714285,0.0
2024-02-01 03:31:00,71.978745,71.453064,0.52568054,0.4304367225866409,0.21318681318681318,0.0
2024-02-01 03:32:00,71.10542,71.45273,0.3473053,0.40272624767494813,0.18021978021978022,0.0
2024-02-01 03:33:00,70.85365,71.45295,0.59929657,0.4682496883913717,0.27692307692307694,0.0
2024-02-01 03:34:00,70.92272,71.45288,0.530159,0.4888861244549249,0.3252747252747253,0.0
2024-02-01 03:35:00,70.05323,71.45244,1.3992081,0.7923267725858354,0.810989010989011,0.0
2024-02-01 03:36:00,70.12854,71.453766,1.3252258,0.969959791749932,0.9054945054945055,0.0
2024-02-01 03:37:00,71.54515,71.45675,0.088401794,0.6761071259778193,0.6637362637362637,0.0
2024-02-01 03:38:00,71.86212,71.45841,0.4037094,0.5853078878589109,0.5032967032967033,0.0
2024-02-01 03:39:00,70.710976,71.458176,0.7472,0.6392719293082844,0.5934065934065934,0.0
2024-02-01 03:40:00,70.492,71.457726,0.96572876,0.7480908727940646,0.7692307692307693,0.0
2024-02-01 03:41:00,71.95629,71.45558,0.50070953,0.6656304264265118,0.6395604395604395,0.0
2024-02-01 03:42:00,71.21847,71.452255,0.23378754,0.5216827964913725,0.3824175824175824,0.0
2024-02-01 03:43:00,71.551254,71.45073,0.1005249,0.3812968317754984,0.14285714285714285,0.0
2024-02-01 03:44:00,70.80438,71.452156,0.64777374,0.4701224687422594,0.2857142857142857,0.0
2024-02-01 03:45:00,71.55167,71.453285,0.09838104,0.3462086599883292,0.0945054945054945,0.0
2024-02-01 03:46:00,70.655685,71.453125,0.7974396,0.49661896505732367,0.34285714285714286,0.0
2024-02-01 03:47:00,70.6167,71.45382,0.83712006,0.6101193287556637,0.5428571428571428,0.0
2024-02-01 03:48:00,71.72026,71.45443,0.265831,0.4953565503878904,0.34065934065934067,0.0
2024-02-01 03:49:00,70.66747,71.45496,0.78749084,0.5927346485007812,0.5142857142857142,0.0
2024-02-01 03:50:00,70.99302,71.45443,0.46141052,0.5489599398208334,0.42417582417582417,0.0
2024-02-01 03:51:00,70.65129,71.45439,0.8031006,0.6336734885263889,0.5868131868131868,0.0
2024-02-01 03:52:00,72.005165,71.45407,0.55109406,0.606147010742853,0.5406593406593406,0.0
2024-02-01 03:53:00,72.94656,71.45376,1.4928055,0.9016998341475791,0.8747252747252747,0.0
2024-02-01 03:54:00,71.44503,71.45426,0.009231567,0.604210411892657,0.5384615384615384,0.0
2024-02-01 03:55:00,70.54304,71.45368,0.91064453,0.7063551183451047,0.7208791208791209,0.0
2024-02-01 03:56:00,71.59513,71.45355,0.14157867,0.5180963036688719,0.378021978021978,0.0
2024-02-01 03:57:00,71.37392,71.4521,0.078186035,0.371459547497998,0.13186813186813187,0.0
2024-02-01 03:58:00,70.300125,71.45156,1.1514359,0.6314516490155924,0.5868131868131868,0.0
2024-02-01 03:59:00,70.78732,71.45376,0.66643524,0.6431128465768012,0.6043956043956044,0.0
2024-02-01 04:00:00,72.09596,71.45539,0.6405716,0.6422657624639613,0.6021978021978022,0.0
2024-02-01 04:01:00,72.08853,71.45457,0.63396454,0.6394986878340472,0.5934065934065934,0.0
2024-02-01 04:02:00,70.73206,71.45347,0.721405,0.6668008016549898,0.6417582417582418,0.0
2024-02-01 04:03:00,71.297676,71.452576,0.1548996,0.4961670668259828,0.34065934065934067,0.0
2024-02-01 04:04:00,71.13851,71.45111,0.31259918,0.4349777719269573,0.22197802197802197,0.0
2024-02-01 04:05:00,70.967834,71.45015,0.48231506,0.45075686911015905,0.25274725274725274,0.0
2024-02-01 04:06:00,71.6796,71.45159,0.22801208,0.3765086077270852,0.14065934065934066,0.0
2024-02-01 04:07:00,71.12116,71.452866,0.3317032,0.3615734671631089,0.11428571428571428,0.0
2024-02-01 04:08:00,70.34802,71.45327,1.1052475,0.6094648106282705,0.5428571428571428,0.0
2024-02-01 04:09:00,69.18851,71.453674,2.2651672,1.1613656191948887,0.9802197802197802,0.0
2024-02-01 04:10:00,71.51541,71.45381,0.06159973,0.79477698994503,0.8153846153846154,0.0
2024-02-01 04:11:00,71.86527,71.45342,0.41184998,0.6671346518253326,0.6417582417582418,0.0
2024-02-01 04:12:00,71.31282,71.45383,0.14100647,0.4917585911257426,0.3384615384615385,0.0
2024-02-01 04:13:00,70.20647,71.45439,1.2479248,0.7438139956463284,0.7648351648351648,0.0
2024-02-01 04:14:00,71.56596,71.453995,0.111968994,0.5331989951444274,0.4,0.0
2024-02-01 04:15:00,71.80219,71.45079,0.35140228,0.47260009100123285,0.2879120879120879,0.0
2024-02-01 04:16:00,71.80281,71.448456,0.35435486,0.43318501346696775,0.2153846153846154,0.0
2024-02-01 04:17:00,70.858826,71.44804,0.5892105,0.48519351239594727,0.31648351648351647,0.0
2024-02-01 04:18:00,71.65835,71.449425,0.20892334,0.3931034548785482,0.16703296703296702,0.0
2024-02-01 04:19:00,70.54997,71.449905,0.89993286,0.5620465903617404,0.45714285714285713,0.0
2024-02-01 04:20:00,71.40738,71.45033,0.04295349,0.3890155573114728,0.15384615384615385,0.0
2024-02-01 04:21:00,71.001465,71.451385,0.44992065,0.40931725630660687,0.18461538461538463,0.0
2024-02-01 04:22:00,70.92279,71.45266,0.5298691,0.44950119740101924,0.24835164835164836,0.0
2024-02-01 04:23:00,70.79349,71.45374,0.66025543,0.5197526089769816,0.378021978021978,0.0
2024-02-01 04:24:00,70.730644,71.455574,0.7249298,0.5881450091747586,0.5054945054945055,0.0
2024-02-01 04:25:00,71.53464,71.45556,0.079078674,0.4184562308886412,0.2,0.0
2024-02-01 04:26:00,70.997505,71.45576,0.45825195,0.43172147163409413,0.2153846153846154,0.0
2024-02-01 04:27:00,72.09453,71.45576,0.63877106,0.5007380001323649,0.34725274725274724,0.0
2024-02-01 04:28:00,70.9724,71.45491,0.48251343,0.49466314266636835,0.34065934065934067,0.0
2024-02-01 04:29:00,71.86382,71.45393,0.40988922,0.46640516884138106,0.2703296703296703,0.0
2024-02-01 04:30:00,71.146034,71.452995,0.30696106,0.4132571324176916,0.18681318681318682,0.0
2024-02-01 04:31:00,69.86604,71.452866,1.5868225,0.8044455915336695,0.8219780219780219,0.0
2024-02-01 04:32:00,70.576195,71.452446,0.8762512,0.8283808012568213,0.832967032967033,0.0
2024-02-01 04:33:00,71.52827,71.45414,0.0741272,0.576962933259756,0.47912087912087914,0.0
2024-02-01 04:34:00,71.16235,71.45487,0.29251862,0.4821481607473894,0.3120879120879121,0.0
2024-02-01 04:35:00,72.15209,71.45662,0.6954727,0.5532563462599784,0.432967032967033,0.0
2024-02-01 04:36:00,70.0763,71.457596,1.3812943,0.829268981002746,0.832967032967033,0.0
2024-02-01 04:37:00,71.63749,71.45611,0.18138123,0.61330639586381,0.5472527472527473,0.0
2024-02-01 04:38:00,70.71352,71.45384,0.7403259,0.655646239820665,0.6241758241758242,0.0
2024-02-01 04:39:00,70.85376,71.453026,0.59926605,0.6368528439624747,0.5934065934065934,0.0
2024-02-01 04:40:00,70.916275,71.45237,0.53609467,0.6032667844840978,0.5384615384615384,0.0
2024-02-01 04:41:00,70.57788,71.45345,0.8755722,0.6940352578526798,0.6967032967032967,0.0
2024-02-01 04:42:00,72.7332,71.45317,1.2800293,0.8893666041934533,0.865934065934066,0.0
2024-02-01 04:43:00,70.53426,71.45338,0.91911316,0.8992821225221981,0.8747252747252747,0.0
2024-02-01 04:44:00,71.39698,71.45362,0.056640625,0.6184016233481322,0.5604395604395604,0.0
2024-02-01 04:45:00,72.151596,71.453995,0.6976013,0.6448015216852132,0.6087912087912087,0.0
2024-02-01 04:46:00,71.93372,71.45452,0.47920227,0.5896017712927464,0.5076923076923077,0.0
2024-02-01 04:47:00,70.96804,71.45428,0.48623657,0.5551467049503727,0.4351648351648352,0.0
2024-02-01 04:48:00,71.76536,71.45629,0.30906677,0.4731200607872277,0.2879120879120879,0.0
2024-02-01 04:49:00,70.72834,71.456474,0.72813416,0.5581247589492977,0.44395604395604393,0.0
2024-02-01 04:50:00,70.76355,71.45623,0.69268036,0.6029766255951048,0.5384615384615384,0.0
2024-02-01 04:51:00,71.46573,71.45723,0.0084991455,0.4048174655660074,0.1824175824175824,0.0
2024-02-01 04:52:00,70.63046,71.45924,0.8287811,0.5461386863539008,0.421978021978022,0.0
2024-02-01 04:53:00,71.17665,71.46023,0.28357697,0.45861811267994435,0.25934065934065936,0.0
2024-02-01 04:54:00,71.08807,71.461525,0.37345123,0.4302291527566817,0.21318681318681318,0.0
2024-02-01 04:55:00,70.650856,71.461136,0.81027985,0.5569127172349233,0.44395604395604393,0.0
2024-02-01 04:56:00,71.36655,71.45963,0.09308624,0.40230389238187597,0.18021978021978022,0.0
2024-02-01 04:57:00,72.743996,71.45853,1.285469,0.6966922799798445,0.6989010989010989,0.0
2024-02-01 04:58:00,71.53583,71.45713,0.078697205,0.490693921516511,0.33186813186813185,0.0
2024-02-01 04:59:00,70.819984,71.45575,0.6357651,0.5390509729055386,0.4087912087912088,0.0
2024-02-01 05:00:00,71.70746,71.45479,0.2526703,0.4435907446323383,0.23956043956043957,0.0
2024-02-01 05:01:00,71.332085,71.453835,0.12174988,0.33631045573145474,0.08131868131868132,0.0
2024-02-01 05:02:00,70.62658,71.45377,0.8271942,0.49993837511003236,0.34725274725274724,0.0
2024-02-01 05:03:00,70.45411,71.454926,1.0008163,0.6668976984783028,0.6417582417582418,0.0
2024-02-01 05:04:00,72.367035,71.45589,0.9111481,0.7483144894152227,0.7692307692307693,0.0
2024-02-01 05:05:00,70.599724,71.456474,0.8567505,0.7844598223705652,0.8087912087912088,0.0
2024-02-01 05:06:00,70.92368,71.45724,0.5335541,0.7008245739631893,0.7120879120879121,0.0
2024-02-01 05:07:00,71.61506,71.45824,0.1568222,0.5194904508387409,0.378021978021978,0.0
2024-02-01 05:08:00,71.01884,71.45847,0.43963623,0.4928723773820773,0.34065934065934067,0.0
2024-02-01 05:09:00,69.3971,71.45748,2.060379,1.015374594361489,0.9340659340659341,0.0
2024-02-01 05:10:00,70.07935,71.45727,1.3779144,1.1362212058113053,0.9714285714285714,0.0
2024-02-01 05:11:00,71.05261,71.45704,0.40442657,0.8922896621098806,0.865934065934066,0.0
2024-02-01 05:12:00,71.16793,71.456924,0.28899384,0.6911910532229933,0.6945054945054945,0.0
2024-02-01 05:13:00,70.445946,71.45734,1.0113907,0.797924264160381,0.8175824175824176,0.0
2024-02-01 05:14:00,71.03415,71.45798,0.42382812,0.6732255511069207,0.6527472527472528,0.0
2024-02-01 05:15:00,70.86393,71.455734,0.5918045,0.646085202202791,0.6087912087912087,0.0
2024-02-01 05:16:00,69.97369,71.45272,1.4790344,0.923734942744569,0.8813186813186813,0.0
2024-02-01 05:17:00,71.15079,71.45045,0.29965973,0.7157098714976815,0.7296703296703296,0.0
2024-02-01 05:18:00,71.66724,71.4493,0.21793365,0.5497844659268398,0.42637362637362636,0.0
2024-02-01 05:19:00,70.81635,71.4482,0.63184357,0.577137499582737,0.47912087912087914,0.0
2024-02-01 05:20:00,71.09694,71.44826,0.35131836,0.5018644528468247,0.3516483516483517,0.0
2024-02-01 05:21:00,71.884544,71.448845,0.43569946,0.4798094561947582,0.3032967032967033,0.0
2024-02-01 05:22:00,71.41686,71.44838,0.03151703,0.33037864706603676,0.07912087912087912,0.0
2024-02-01 05:23:00,70.965866,71.44874,0.482872,0.3812097678031391,0.14285714285714285,0.0
2024-02-01 05:24:00,71.52072,71.45014,0.07057953,0.2776663548049573,0.03956043956043956,0.0
2024-02-01 05:25:00,72.021736,71.45173,0.5700073,0.3751133446095549,0.14065934065934066,0.0
2024-02-01 05:26:00,71.19818,71.45316,0.254982,0.33506956128267207,0.08131868131868132,0.0
2024-02-01 05:27:00,71.333046,71.455444,0.12239838,0.264179166343396,0.026373626373626374,0.0
2024-02-01 05:28:00,70.55734,71.45805,0.90071106,0.47635646408570154,0.2945054945054945,0.0
2024-02-01 05:29:00,71.421684,71.45844,0.036758423,0.3298237836743219,0.07692307692307693,0.0
2024-02-01 05:30:00,70.93507,71.45759,0.522522,0.3940565133349646,0.16703296703296702,0.0
2024-02-01 05:31:00,72.58358,71.45734,1.1262436,0.6381188726595077,0.5934065934065934,0.0
2024-02-01 05:32:00,71.12749,71.4568,0.3293152,0.5351843102886302,0.4021978021978022,0.0
2024-02-01 05:33:00,71.00616,71.45696,0.45080566,0.5070580948799202,0.35824175824175825,0.0
2024-02-01 05:34:00,71.602356,71.45662,0.1457367,0.386617628031926,0.14725274725274726,0.0
2024-02-01 05:35:00,70.96784,71.45668,0.4888382,0.42069115062154444,0.2,0.0
2024-02-01 05:36:00,72.529434,71.45652,1.0729141,0.638098808259415,0.5934065934065934,0.0
2024-02-01 05:37:00,72.10559,71.458755,0.6468353,0.6410109812224225,0.6,0.0
2024-02-01 05:38:00,71.58907,71.459274,0.12979889,0.47060695053500046,0.2857142857142857,0.0
2024-02-01 05:39:00,71.04125,71.45851,0.41725922,0.45282437245953155,0.2571428571428571,0.0
2024-02-01 05:40:00,70.73668,71.457924,0.7212448,0.5422978523102606,0.41318681318681316,0.0
2024-02-01 05:41:00,71.45011,71.45657,0.006462097,0.3636859339294967,0.11428571428571428,0.0
2024-02-01 05:42:00,71.43422,71.45679,0.022567749,0.24997987229414367,0.01978021978021978,0.0
2024-02-01 05:43:00,71.05878,71.45908,0.4003067,0.30008881541614785,0.04835164835164835,0.0
2024-02-01 05:44:00,72.2564,71.46071,0.79569244,0.4652900248933173,0.2681318681318681,0.0
2024-02-01 05:45:00,70.95152,71.46148,0.50995636,0.48017880321663864,0.3032967032967033,0.0
2024-02-01 05:46:00,72.23535,71.46098,0.7743683,0.5782419641886967,0.48131868131868133,0.0
2024-02-01 05:47:00,70.272,71.46081,1.1888046,0.7817628516140791,0.8043956043956044,0.0
2024-02-01 05:48:00,71.24542,71.46096,0.21553802,0.5930212427101674,0.5142857142857142,0.0
2024-02-01 05:49:00,70.73849,71.460724,0.72223663,0.6360930395737054,0.5912087912087912,0.0
2024-02-01 05:50:00,71.18971,71.46075,0.27103424,0.5144067732900225,0.37142857142857144,0.0
2024-02-01 05:51:00,71.62157,71.45998,0.16159058,0.39680137425064005,0.16923076923076924,0.0
2024-02-01 05:52:00,70.65162,71.45991,0.8082886,0.5339637742400101,0.4021978021978022,0.0
2024-02-01 05:53:00,70.82064,71.45854,0.6379013,0.568609618210788,0.46373626373626375,0.0
2024-02-01 05:54:00,71.34336,71.45733,0.113967896,0.41706237730979623,0.2,0.0
2024-02-01 05:55:00,70.96492,71.45608,0.49115753,0.4417607621192913,0.23296703296703297,0.0
2024-02-01 05:56:00,70.173965,71.45441,1.2804413,0.7213209361394233,0.7406593406593407,0.0
2024-02-01 05:57:00,70.34972,71.45345,1.1037369,0.8487929165734176,0.8373626373626374,0.0
2024-02-01 05:58:00,71.408745,71.45213,0.043388367,0.5803247332820181,0.4835164835164835,0.0
2024-02-01 05:59:00,71.45717,71.45065,0.006515503,0.3890549898312412,0.15384615384615385,0.0
2024-02-01 06:00:00,70.64888,71.449814,0.80093384,0.5263479391843691,0.3912087912087912,0.0
2024-02-01 06:01:00,70.724724,71.44911,0.7243881,0.592361333642444,0.5142857142857142,0.0
2024-02-01 06:02:00,70.54163,71.447655,0.9060211,0.6969145951496503,0.6989010989010989,0.0
2024-02-01 06:03:00,70.290405,71.44619,1.1557846,0.8498712657442982,0.8395604395604396,0.0
2024-02-01 06:04:00,72.27541,71.44575,0.82966614,0.8431362230613031,0.8373626373626374,0.0
2024-02-01 06:05:00,72.39455,71.44634,0.94820404,0.8781588288833166,0.8637362637362638,0.0
2024-02-01 06:06:00,71.07576,71.44717,0.37140656,0.7092414043141383,0.7274725274725274,0.0
2024-02-01 06:07:00,70.45135,71.4481,0.9967499,0.805077562185988,0.8219780219780219,0.0
2024-02-01 06:08:00,70.36182,71.44824,1.0864258,0.898860301873992,0.8725274725274725,0.0
2024-02-01 06:09:00,71.70645,71.4478,0.25865173,0.685457445715474,0.6835164835164835,0.0
2024-02-01 06:10:00,70.8596,71.448524,0.5889282,0.653281038029066,0.621978021978022,0.0
2024-02-01 06:11:00,71.4889,71.45098,0.03791809,0.4481600556261482,0.24835164835164836,0.0
2024-02-01 06:12:00,70.93655,71.453186,0.5166397,0.4709866069083176,0.2857142857142857,0.0
2024-02-01 06:13:00,70.584404,71.45423,0.8698273,0.6039334947748158,0.5384615384615384,0.0
2024-02-01 06:14:00,71.33762,71.45386,0.116233826,0.4413669384110752,0.22857142857142856,0.0
2024-02-01 06:15:00,71.449974,71.454346,0.004371643,0.29570183996285226,0.04835164835164835,0.0
2024-02-01 06:16:00,70.13713,71.45359,1.3164597,0.6359544452291411,0.5912087912087912,0.0
2024-02-01 06:17:00,71.51901,71.45426,0.06475067,0.44555318728166704,0.24615384615384617,0.0
2024-02-01 06:18:00,71.27371,71.454765,0.18105316,0.357386512061476,0.10329670329670329,0.0
2024-02-01 06:19:00,71.31273,71.4534,0.14067078,0.2851479334967132,0.03956043956043956,0.0
2024-02-01 06:20:00,70.57017,71.45261,0.88243866,0.48424484222046504,0.31648351648351647,0.0
2024-02-01 06:21:00,71.13518,71.45313,0.31795502,0.42881490051025795,0.21318681318681318,0.0
2024-02-01 06:22:00,72.39959,71.45234,0.94725037,0.6016267224104845,0.5384615384615384,0.0
2024-02-01 06:23:00,71.81912,71.452354,0.36676788,0.5233404427072501,0.389010989010989,0.0
2024-02-01 06:24:00,71.25963,71.45196,0.1923294,0.4130034307175939,0.18681318681318682,0.0
2024-02-01 06:25:00,70.62952,71.45271,0.8231964,0.5497344241893334,0.42637362637362636,0.0
2024-02-01 06:26:00,71.52703,71.45332,0.07370758,0.3910588096483577,0.16483516483516483,0.0
2024-02-01 06:27:00,70.33118,71.45428,1.1231003,0.6350726333528114,0.5912087912087912,0.0
2024-02-01 06:28:00,71.34693,71.455864,0.108932495,0.45969258727427015,0.26373626373626374,0.0
2024-02-01 06:29:00,71.8374,71.457954,0.37944794,0.4329443705200864,0.2153846153846154,0.0
2024-02-01 06:30:00,71.329605,71.45768,0.12807465,0.3313211290120889,0.07912087912087912,0.0
2024-02-01 06:31:00,71.71506,71.456955,0.25810242,0.30691489167212177,0.05714285714285714,0.0
2024-02-01 06:32:00,71.37588,71.45687,0.08099365,0.23160781189599788,0.01098901098901099,0.0
2024-02-01 06:33:00,71.90246,71.45596,0.44649506,0.3032368933147799,0.05054945054945055,0.0
2024-02-01 06:34:00,72.53638,71.45554,1.0808334,0.5624357405627178,0.45714285714285713,0.0
2024-02-01 06:35:00,70.91964,71.45592,0.5362778,0.5537164173738431,0.432967032967033,0.0
2024-02-01 06:36:00,71.140816,71.45718,0.31636047,0.4745977694601663,0.29010989010989013,0.0
2024-02-01 06:37:00,71.55521,71.45771,0.09749603,0.3488971905450588,0.0989010989010989,0.0
2024-02-01 06:38:00,71.194244,71.4578,0.26355743,0.320450605057383,0.06813186813186813,0.0
2024-02-01 06:39:00,70.90211,71.45892,0.5568161,0.3992391037296616,0.17362637362637362,0.0
2024-02-01 06:40:00,70.43847,71.46005,1.0215836,0.6066872548627431,0.5406593406593406,0.0
2024-02-01 06:41:00,72.486084,71.45998,1.0261078,0.7464940992704745,0.7670329670329671,0.0
2024-02-01 06:42:00,70.22916,71.45914,1.2299805,0.9076562224303164,0.8769230769230769,0.0
2024-02-01 06:43:00,71.124374,71.4585,0.33412933,0.7164805927855755,0.734065934065934,0.0
2024-02-01 06:44:00,71.01954,71.458145,0.43860626,0.6238558159260608,0.5736263736263736,0.0
2024-02-01 06:45:00,71.49085,71.45771,0.03314209,0.42695124056529055,0.2087912087912088,0.0
2024-02-01 06:46:00,72.568085,71.45631,1.1117783,0.6552269134693083,0.6241758241758242,0.0
2024-02-01 06:47:00,70.48288,71.45634,0.97345734,0.7613037211214659,0.7802197802197802,0.0
2024-02-01 06:48:00,71.75277,71.45492,0.29785156,0.606819668247644,0.5406593406593406,0.0
2024-02-01 06:49:00,70.65267,71.45409,0.8014145,0.6716846087471273,0.6505494505494506,0.0
2024-02-01 06:50:00,71.0525,71.45434,0.4018402,0.5817364758183974,0.4901098901098901,0.0
2024-02-01 06:51:00,71.329704,71.45503,0.12532806,0.4296003385338795,0.21318681318681318,0.0
2024-02-01 06:52:00,71.0764,71.457596,0.38119507,0.41346524847571137,0.18681318681318682,0.0
2024-02-01 06:53:00,71.870735,71.45769,0.4130478,0.41332609582625557,0.18681318681318682,0.0
2024-02-01 06:54:00,70.48743,71.45771,0.9702835,0.5989785666510974,0.5296703296703297,0.0
2024-02-01 06:55:00,70.483505,71.45632,0.97281647,0.7235912001957837,0.7406593406593407,0.0
2024-02-01 06:56:00,71.23629,71.45409,0.21779633,0.5549929086917205,0.4351648351648352,0.0
2024-02-01 06:57:00,71.99974,71.452644,0.54709625,0.5523606899416158,0.432967032967033,0.0
2024-02-01 06:58:00,70.596825,71.452385,0.8555603,0.6534272275392022,0.621978021978022,0.0
2024-02-01 06:59:00,71.21294,71.454254,0.24131775,0.5160574013672807,0.378021978021978,0.0
2024-02-01 07:00:00,72.63063,71.45501,1.175621,0.7359119451498017,0.7582417582417582,0.0
2024-02-01 07:01:00,72.063354,71.4545,0.6088562,0.6935600304904929,0.6967032967032967,0.0
2024-02-01 07:02:00,70.617744,71.454094,0.8363495,0.7411565160952245,0.7604395604395604,0.0
2024-02-01 07:03:00,71.60572,71.45529,0.15042877,0.5442472680543684,0.4153846153846154,0.0
2024-02-01 07:04:00,72.65238,71.45557,1.1968155,0.7617700089437978,0.7802197802197802,0.0
2024-02-01 07:05:00,71.81835,71.455635,0.36271667,0.6287522308974277,0.5846153846153846,0.0
2024-02-01 07:06:00,70.97744,71.45644,0.4790039,0.5788361226816185,0.4835164835164835,0.0
2024-02-01 07:07:00,70.8308,71.458435,0.62763214,0.5951014621588395,0.5186813186813187,0.0
2024-02-01 07:08:00,71.72644,71.45927,0.26717377,0.4857922304691743,0.31868131868131866,0.0
2024-02-01 07:09:00,72.50814,71.46009,1.0480499,0.6732114625653871,0.6527472527472528,0.0
2024-02-01 07:10:00,71.92176,71.46223,0.4595337,0.6019855388456747,0.5384615384615384,0.0
2024-02-01 07:11:00,70.97035,71.46418,0.49382782,0.5659329658385228,0.4593406593406593,0.0
2024-02-01 07:12:00,72.71571,71.46475,1.2509613,0.7942757451293276,0.8153846153846154,0.0
2024-02-01 07:13:00,72.13513,71.46349,0.6716385,0.7533966596760622,0.7802197802197802,0.0
2024-02-01 07:14:00,72.69385,71.46271,1.2311401,0.9126444853569582,0.8769230769230769,0.0
2024-02-01 07:15:00,71.306465,71.46347,0.15700531,0.6607647602575035,0.6329670329670329,0.0
2024-02-01 07:16:00,71.442,71.46467,0.022666931,0.448065483889117,0.24835164835164836,0.0
2024-02-01 07:17:00,72.66472,71.464775,1.1999435,0.6986915034195675,0.7076923076923077,0.0
2024-02-01 07:18:00,74.18521,71.46564,2.719574,1.3723189938161702,0.9956043956043956,0.0
2024-02-01 07:19:00,71.83077,71.46687,0.36389923,1.036179072863124,0.9428571428571428,0.0
2024-02-01 07:20:00,72.05212,71.46859,0.5835266,0.8852949190181243,0.865934065934066,0.0
2024-02-01 07:21:00,72.990425,71.468895,1.5215302,1.0973733298011452,0.9626373626373627,0.0
2024-02-01 07:22:00,70.68053,71.467995,0.78746796,0.9940715387150865,0.9230769230769231,0.0
2024-02-01 07:23:00,72.37854,71.46858,0.9099579,0.9660336543907868,0.9010989010989011,0.0
2024-02-01 07:24:00,72.752014,71.471794,1.28022,1.0707624468399517,0.9516483516483516,0.0
2024-02-01 07:25:00,72.89316,71.47385,1.4193115,1.186945472372468,0.9824175824175824,0.0
2024-02-01 07:26:00,72.21333,71.474846,0.73848724,1.0374593961324265,0.9428571428571428,0.0
2024-02-01 07:27:00,73.32295,71.47636,1.8465958,1.3071715188083366,0.989010989010989,0.0
2024-02-01 07:28:00,73.72224,71.475426,2.246811,1.6203846502342036,1.0,0.0
2024-02-01 07:29:00,72.00389,71.47446,0.5294342,1.2567345015233236,0.9868131868131869,0.0
2024-02-01 07:30:00,72.042046,71.47476,0.56728363,1.0269175444725804,0.9384615384615385,0.0
2024-02-01 07:31:00,73.315155,71.475296,1.839859,1.2978980325780745,0.989010989010989,0.0
2024-02-01 07:32:00,74.151,71.47618,2.67482,1.7568720038150705,1.0,0.0
2024-02-01 07:33:00,72.500175,71.47756,1.0226135,1.5121191776735887,0.9978021978021978,0.0
2024-02-01 07:34:00,74.582825,71.47978,3.1030426,2.04242698596208,1.0,0.0
2024-02-01 07:35:00,72.757904,71.48015,1.2777557,1.7875365697429493,1.0,0.0
2024-02-01 07:36:00,73.725555,71.47937,2.2461853,1.9404194807400912,1.0,0.0
2024-02-01 07:37:00,73.25383,71.47914,1.7746887,1.8851758940611028,1.0,0.0
2024-02-01 07:38:00,75.200714,71.48053,3.7201843,2.49684537143136,1.0,0.0
2024-02-01 07:39:00,74.37604,71.48142,2.8946152,2.629435305400855,1.0,0.0
2024-02-01 07:40:00,72.99087,71.483604,1.5072632,2.255377931465153,1.0,0.0
2024-02-01 07:41:00,72.53213,71.48443,1.047699,1.852818279179894,1.0,0.0
2024-02-01 07:42:00,72.5573,71.484436,1.0728607,1.592832425377742,1.0,0.0
2024-02-01 07:43:00,72.74684,71.48487,1.2619705,1.482545123591672,0.9978021978021978,0.0
2024-02-01 07:44:00,73.37513,71.48751,1.887619,1.6175697552460107,1.0,0.0
2024-02-01 07:45:00,74.74144,71.490715,3.2507248,2.1619547676574964,1.0,0.0
2024-02-01 07:46:00,73.5265,71.49224,2.034256,2.1193885055867687,1.0,0.0
2024-02-01 07:47:00,74.59941,71.49134,3.1080704,2.4489491282362312,1.0,0.0
2024-02-01 07:48:00,76.20293,71.489265,4.713661,3.2038531501067062,1.0,0.0
2024-02-01 07:49:00,75.815025,71.48676,4.3282623,3.5786562097716583,1.0,0.0
2024-02-01 07:50:00,75.37205,71.485535,3.8865128,3.6812750586303244,1.0,0.0
2024-02-01 07:51:00,72.633095,71.48636,1.1467361,2.8364287540933937,1.0,0.0
2024-02-01 07:52:00,74.29016,71.48755,2.8026123,2.825156604291429,1.0,0.0
2024-02-01 07:53:00,74.733536,71.48931,3.2442245,2.964845918974234,1.0,0.0
2024-02-01 07:54:00,75.47253,71.49254,3.979988,3.303226645364333,1.0,0.0
2024-02-01 07:55:00,74.56719,71.49602,3.0711746,3.2258759707702325,1.0,0.0
2024-02-01 07:56:00,76.57859,71.49855,5.08004,3.8439306398559365,1.0,0.0
2024-02-01 07:57:00,73.441925,71.498146,1.943779,3.2105467571370307,1.0,0.0
2024-02-01 07:58:00,75.171234,71.49705,3.6741867,3.3650934069390104,1.0,0.0
2024-02-01 07:59:00,74.67995,71.49748,3.1824646,3.304217137829132,1.0,0.0
2024-02-01 08:00:00,75.7562,71.498886,4.2573166,3.6219169550045778,1.0,0.0
2024-02-01 08:01:00,75.23729,71.50034,3.736946,3.660260005322063,1.0,0.0
2024-02-01 08:02:00,73.84204,71.50234,2.3396988,3.220072934049344,1.0,0.0
2024-02-01 08:03:00,73.450226,71.50275,1.9474792,2.795875038715188,1.0,0.0
2024-02-01 08:04:00,73.50832,71.50337,2.0049515,2.5322338514937193,1.0,0.0
2024-02-01 08:05:00,75.14052,71.503716,3.6368027,2.900423458775761,1.0,0.0
2024-02-01 08:06:00,75.45042,71.50458,3.945839,3.2488952819247263,1.0,0.0
2024-02-01 08:07:00,75.29198,71.505135,3.7868423,3.4282109700136196,1.0,0.0
2024-02-01 08:08:00,75.18457,71.50479,3.679779,3.512066997587205,1.0,0.0
2024-02-01 08:09:00,74.4222,71.50361,2.9185944,3.3142427851753244,1.0,0.0
2024-02-01 08:10:00,75.12847,71.501816,3.6266556,3.418380382987977,1.0,0.0
2024-02-01 08:11:00,76.13599,71.501045,4.634941,3.823900622350058,1.0,0.0
2024-02-01 08:12:00,75.327484,71.50106,3.8264236,3.824741629906549,1.0,0.0
2024-02-01 08:13:00,75.10014,71.50205,3.5980911,3.749191461767127,1.0,0.0
2024-02-01 08:14:00,74.41513,71.50255,2.9125824,3.470321773665064,1.0,0.0
2024-02-01 08:15:00,76.56357,71.50252,5.0610504,4.000564654123064,1.0,0.0
2024-02-01 08:16:00,77.30928,71.50246,5.8068237,4.60265101290496,1.0,0.0
2024-02-01 08:17:00,75.71622,71.503044,4.213173,4.472824979469192,1.0,0.0
2024-02-01 08:18:00,75.92212,71.503365,4.4187546,4.454801512191701,1.0,0.0
2024-02-01 08:19:00,75.07959,71.50367,3.57592,4.16184104312129,1.0,0.0
2024-02-01 08:20:00,76.553276,71.50383,5.049446,4.457709397399871,1.0,0.0
2024-02-01 08:21:00,77.86318,71.50458,6.3586044,5.091341075317361,1.0,0.0
2024-02-01 08:22:00,75.22653,71.506386,3.7201462,4.634276109944647,1.0,0.0
2024-02-01 08:23:00,75.92756,71.507965,4.419594,4.562715343641484,1.0,0.0
2024-02-01 08:24:00,76.33657,71.50916,4.827408,4.6509461747323435,1.0,0.0
2024-02-01 08:25:00,76.224205,71.51033,4.713875,4.671922388786406,1.0,0.0
2024-02-01 08:26:00,75.403534,71.51147,3.892067,4.411970577713073,1.0,0.0
2024-02-01 08:27:00,77.40565,71.51283,5.8928146,4.905585263885539,1.0,0.0
2024-02-01 08:28:00,76.22172,71.51304,4.708679,4.839949908996609,1.0,0.0
2024-02-01 08:29:00,74.47425,71.51345,2.9608002,4.213566662963886,1.0,0.0
2024-02-01 08:30:00,75.5598,71.51346,4.046341,4.157824756103528,1.0,0.0
2024-02-01 08:31:00,76.8306,71.51297,5.317627,4.544425488444019,1.0,0.0
2024-02-01 08:32:00,77.96629,71.5124,6.4538956,5.180915515245232,1.0,0.0
2024-02-01 08:33:00,77.46401,71.51259,5.9514236,5.437751558503332,1.0,0.0
2024-02-01 08:34:00,77.1973,71.51263,5.684677,5.5200600803433675,1.0,0.0
2024-02-01 08:35:00,75.999855,71.512085,4.48777,5.175963413751047,1.0,0.0
2024-02-01 08:36:00,75.20324,71.51117,3.69207,4.681332278275438,1.0,0.0
2024-02-01 08:37:00,77.27613,71.51078,5.7653503,5.042671632782584,1.0,0.0
2024-02-01 08:38:00,75.08564,71.51193,3.5737076,4.553016948710525,1.0,0.0
2024-02-01 08:39:00,75.56454,71.513176,4.051361,4.3857983271351415,1.0,0.0
2024-02-01 08:40:00,76.911644,71.513985,5.3976593,4.723085318676032,1.0,0.0
2024-02-01 08:41:00,78.7379,71.514084,7.223816,5.556662185106939,1.0,0.0
2024-02-01 08:42:00,76.76207,71.51287,5.249199,5.454174427929366,1.0,0.0
2024-02-01 08:43:00,77.9726,71.512886,6.459717,5.789355217577911,1.0,0.0
2024-02-01 08:44:00,77.94844,71.51187,6.436569,6.005093216341003,1.0,0.0
2024-02-01 08:45:00,76.53224,71.51096,5.0212784,5.677154938009888,1.0,0.0
2024-02-01 08:46:00,77.020256,71.51075,5.509506,5.621272033868571,1.0,0.0
2024-02-01 08:47:00,78.21182,71.51161,6.7002106,5.980918213008735,1.0,0.0
2024-02-01 08:48:00,77.76218,71.51299,6.2491837,6.070340026934209,1.0,0.0
2024-02-01 08:49:00,79.65191,71.51383,8.138077,6.759585612031661,1.0,0.0
2024-02-01 08:50:00,78.002426,71.514946,6.48748,6.6688837958791805,1.0,0.0
2024-02-01 08:51:00,78.343094,71.5159,6.827194,6.721653935208517,1.0,0.0
2024-02-01 08:52:00,79.52955,71.51664,8.012909,7.152072268654637,1.0,0.0
2024-02-01 08:53:00,78.51688,71.51725,6.999626,7.101256898992414,1.0,0.0
2024-02-01 08:54:00,79.06762,71.51796,7.5496597,7.250724508996245,1.0,0.0
2024-02-01 08:55:00,77.17557,71.51912,5.6564484,6.719299127416768,1.0,0.0
2024-02-01 08:56:00,77.57009,71.51917,6.0509186,6.4965056113117,1.0,0.0
2024-02-01 08:57:00,79.14814,71.518936,7.629204,6.874071673003374,1.0,0.0
2024-02-01 08:58:00,78.429794,71.51949,6.910301,6.886148184834281,1.0,0.0
2024-02-01 08:59:00,77.68899,71.520164,6.1688232,6.647039870618688,1.0,0.0
2024-02-01 09:00:00,78.60017,71.52106,7.079109,6.791062977710636,1.0,0.0
2024-02-01 09:01:00,78.65445,71.52155,7.1328964,6.905007459587039,1.0,0.0
2024-02-01 09:02:00,79.08443,71.52178,7.562645,7.1242199592233915,1.0,0.0
2024-02-01 09:03:00,77.49141,71.5221,5.969307,6.739248954749189,1.0,0.0
2024-02-01 09:04:00,79.44826,71.52212,7.92614,7.134879247013783,1.0,0.0
2024-02-01 09:05:00,77.35376,71.52187,5.8318863,6.700548261843825,1.0,0.0
2024-02-01 09:06:00,79.51067,71.52158,7.98909,7.130062163169321,1.0,0.0
2024-02-01 09:07:00,79.71338,71.52111,8.192268,7.484130899306892,1.0,0.0
2024-02-01 09:08:00,79.42573,71.52093,7.9048004,7.624354071217616,1.0,0.0
2024-02-01 09:09:00,78.25068,71.520134,6.730545,7.3264177287935155,1.0,0.0
2024-02-01 09:10:00,79.03349,71.52089,7.5126038,7.388479739117552,1.0,0.0
2024-02-01 09:11:00,79.42734,71.52138,7.90596,7.560973187080973,1.0,0.0
2024-02-01 09:12:00,81.13857,71.52194,9.616631,8.246192309453722,1.0,0.0
2024-02-01 09:13:00,79.66277,71.52262,8.140152,8.210845532148836,1.0,0.0
2024-02-01 09:14:00,78.26614,71.523186,6.742958,7.721549711048443,1.0,0.0
2024-02-01 09:15:00,79.70422,71.523575,8.180649,7.874582741935941,1.0,0.0
2024-02-01 09:16:00,80.67398,71.52397,9.150009,8.299724879715107,1.0,0.0
2024-02-01 09:17:00,79.24853,71.52451,7.7240143,8.107821347218927,1.0,0.0
2024-02-01 09:18:00,79.902214,71.52465,8.377563,8.197735390333452,1.0,0.0
2024-02-01 09:19:00,79.24741,71.524765,7.7226486,8.039373133757458,1.0,0.0
2024-02-01 09:20:00,80.621445,71.524414,9.097031,8.391925635721119,1.0,0.0
2024-02-01 09:21:00,79.18704,71.524445,7.6625977,8.148816309230746,1.0,0.0
2024-02-01 09:22:00,81.48344,71.5241,9.959335,8.752322648536644,1.0,0.0
2024-02-01 09:23:00,79.735954,71.52396,8.211998,8.57221442763771,1.0,0.0
2024-02-01 09:24:00,79.89038,71.52389,8.366493,8.503640693457694,1.0,0.0
2024-02-01 09:25:00,78.84595,71.524155,7.3217926,8.109691329818151,1.0,0.0
2024-02-01 09:26:00,78.49835,71.52448,6.9738693,7.731083994455591,1.0,0.0
2024-02-01 09:27:00,79.007164,71.52447,7.4826965,7.648288174038103,1.0,0.0
2024-02-01 09:28:00,81.98714,71.52511,10.4620285,8.586201617164726,1.0,0.0
2024-02-01 09:29:00,78.68299,71.52442,7.1585693,8.110324190088985,1.0,0.0
2024-02-01 09:30:00,79.82303,71.52441,8.298622,8.173090170508543,1.0,0.0
2024-02-01 09:31:00,80.862885,71.52401,9.338875,8.561685052637205,1.0,0.0
2024-02-01 09:32:00,81.35174,71.52375,9.827988,8.98378592539095,1.0,0.0
2024-02-01 09:33:00,81.69081,71.523796,10.167015,9.378195642155166,1.0,0.0
2024-02-01 09:34:00,81.68529,71.52413,10.161156,9.639182328331309,1.0,0.0
2024-02-01 09:35:00,80.14843,71.524475,8.623955,9.300773143203946,1.0,0.0
2024-02-01 09:36:00,79.266235,71.52477,7.7414627,8.781002997975808,1.0,0.0
2024-02-01 09:37:00,80.53964,71.52508,9.0145645,8.858856836703925,1.0,0.0
2024-02-01 09:38:00,80.08051,71.52514,8.555374,8.757695939638555,1.0,0.0
2024-02-01 09:39:00,82.7112,71.52576,11.18544,9.566943980917891,1.0,0.0
2024-02-01 09:40:00,80.90504,71.52612,9.378914,9.504267280410104,1.0,0.0
2024-02-01 09:41:00,80.369354,71.52645,8.842903,9.28381256600908,1.0,0.0
2024-02-01 09:42:00,80.8515,71.52682,9.324684,9.29743642502819,1.0,0.0
2024-02-01 09:43:00,81.08302,71.52711,9.555916,9.383596227525304,1.0,0.0
2024-02-01 09:44:00,82.10864,71.527176,10.581467,9.782886376618432,1.0,0.0
2024-02-01 09:45:00,82.24387,71.526955,10.716919,10.094230566183121,1.0,0.0
2024-02-01 09:46:00,82.37608,71.52712,10.848961,10.34580733627703,1.0,0.0
2024-02-01 09:47:00,80.07251,71.52733,8.545181,9.745598648989375,1.0,0.0
2024-02-01 09:48:00,80.55491,71.52733,9.02758,9.506259186403074,1.0,0.0
2024-02-01 09:49:00,83.07274,71.52774,11.544998,10.185838847250487,1.0,0.0
2024-02-01 09:50:00,81.076805,71.52795,9.548859,9.9735121123597,1.0,0.0
2024-02-01 09:51:00,81.529015,71.52783,10.001183,9.982735593623914,1.0,0.0
2024-02-01 09:52:00,81.97041,71.52803,10.442383,10.135951333249277,1.0,0.0
2024-02-01 09:53:00,81.3427,71.52782,9.81488,10.028927679197436,1.0,0.0
2024-02-01 09:54:00,80.61423,71.52785,9.08638,9.714745121092562,1.0,0.0
2024-02-01 09:55:00,80.88076,71.5281,9.352661,9.594050458332543,1.0,0.0
2024-02-01 09:56:00,82.04038,71.528046,10.512337,9.900145882540706,1.0,0.0
2024-02-01 09:57:00,80.88309,71.5281,9.354988,9.718426621075315,1.0,0.0
2024-02-01 09:58:00,83.65612,71.52809,12.128029,10.52162737059318,1.0,0.0
2024-02-01 09:59:00,82.365776,71.52804,10.837738,10.626997592765246,1.0,0.0
