FailureID,Loco,FailureDate,FailureTimestamp,TimestampPrecision,Label,Confidence,Window,HorizonHours,WindowStart,WindowEnd,Purpose
4679812,30365,31/12/2024,2024-12-31 00:00:00,DATE_ONLY_ASSUMED_MIDNIGHT,LEVEL_2,HIGH,7d,168,2024-12-24 00:00:00,2024-12-31 00:00:00,Long-term degradation
4679812,30365,31/12/2024,2024-12-31 00:00:00,DATE_ONLY_ASSUMED_MIDNIGHT,LEVEL_2,HIGH,3d,72,2024-12-28 00:00:00,2024-12-31 00:00:00,Medium-term degradation
4679812,30365,31/12/2024,2024-12-31 00:00:00,DATE_ONLY_ASSUMED_MIDNIGHT,LEVEL_2,HIGH,24h,24,2024-12-30 00:00:00,2024-12-31 00:00:00,Short-term warning
4679812,30365,31/12/2024,2024-12-31 00:00:00,DATE_ONLY_ASSUMED_MIDNIGHT,LEVEL_2,HIGH,12h,12,2024-12-30 12:00:00,2024-12-31 00:00:00,Operational alert horizon
4679812,30365,31/12/2024,2024-12-31 00:00:00,DATE_ONLY_ASSUMED_MIDNIGHT,LEVEL_2,HIGH,6h,6,2024-12-30 18:00:00,2024-12-31 00:00:00,Immediate warning
4679812,30365,31/12/2024,2024-12-31 00:00:00,DATE_ONLY_ASSUMED_MIDNIGHT,LEVEL_2,HIGH,1h,1,2024-12-30 23:00:00,2024-12-31 00:00:00,Near-failure behaviour
4664942,43276,24/12/2024,2024-12-24 00:00:00,DATE_ONLY_ASSUMED_MIDNIGHT,LEVEL_2,HIGH,7d,168,2024-12-17 00:00:00,2024-12-24 00:00:00,Long-term degradation
4664942,43276,24/12/2024,2024-12-24 00:00:00,DATE_ONLY_ASSUMED_MIDNIGHT,LEVEL_2,HIGH,3d,72,2024-12-21 00:00:00,2024-12-24 00:00:00,Medium-term degradation
4664942,43276,24/12/2024,2024-12-24 00:00:00,DATE_ONLY_ASSUMED_MIDNIGHT,LEVEL_2,HIGH,24h,24,2024-12-23 00:00:00,2024-12-24 00:00:00,Short-term warning
4664942,43276,24/12/2024,2024-12-24 00:00:00,DATE_ONLY_ASSUMED_MIDNIGHT,LEVEL_2,HIGH,12h,12,2024-12-23 12:00:00,2024-12-24 00:00:00,Operational alert horizon
4664942,43276,24/12/2024,2024-12-24 00:00:00,DATE_ONLY_ASSUMED_MIDNIGHT,LEVEL_2,HIGH,6h,6,2024-12-23 18:00:00,2024-12-24 00:00:00,Immediate warning
4664942,43276,24/12/2024,2024-12-24 00:00:00,DATE_ONLY_ASSUMED_MIDNIGHT,LEVEL_2,HIGH,1h,1,2024-12-23 23:00:00,2024-12-24 00:00:00,Near-failure behaviour
4650283,37619,17/12/2024,2024-12-17 00:00:00,DATE_ONLY_ASSUMED_MIDNIGHT,LEVEL_1,HIGH,7d,168,2024-12-10 00:00:00,2024-12-17 00:00:00,Long-term degradation
4650283,37619,17/12/2024,2024-12-17 00:00:00,DATE_ONLY_ASSUMED_MIDNIGHT,LEVEL_1,HIGH,3d,72,2024-12-14 00:00:00,2024-12-17 00:00:00,Medium-term degradation
4650283,37619,17/12/2024,2024-12-17 00:00:00,DATE_ONLY_ASSUMED_MIDNIGHT,LEVEL_1,HIGH,24h,24,2024-12-16 00:00:00,2024-12-17 00:00:00,Short-term warning
4650283,37619,17/12/2024,2024-12-17 00:00:00,DATE_ONLY_ASSUMED_MIDNIGHT,LEVEL_1,HIGH,12h,12,2024-12-16 12:00:00,2024-12-17 00:00:00,Operational alert horizon
4650283,37619,17/12/2024,2024-12-17 00:00:00,DATE_ONLY_ASSUMED_MIDNIGHT,LEVEL_1,HIGH,6h,6,2024-12-16 18:00:00,2024-12-17 00:00:00,Immediate warning
4650283,37619,17/12/2024,2024-12-17 00:00:00,DATE_ONLY_ASSUMED_MIDNIGHT,LEVEL_1,HIGH,1h,1,2024-12-16 23:00:00,2024-12-17 00:00:00,Near-failure behaviour
4649392,30751,17/12/2024,2024-12-17 00:00:00,DATE_ONLY_ASSUMED_MIDNIGHT,LEVEL_1,HIGH,7d,168,2024-12-10 00:00:00,2024-12-17 00:00:00,Long-term degradation
4649392,30751,17/12/2024,2024-12-17 00:00:00,DATE_ONLY_ASSUMED_MIDNIGHT,LEVEL_1,HIGH,3d,72,2024-12-14 00:00:00,2024-12-17 00:00:00,Medium-term degradation
4649392,30751,17/12/2024,2024-12-17 00:00:00,DATE_ONLY_ASSUMED_MIDNIGHT,LEVEL_1,HIGH,24h,24,2024-12-16 00:00:00,2024-12-17 00:00:00,Short-term warning
4649392,30751,17/12/2024,2024-12-17 00:00:00,DATE_ONLY_ASSUMED_MIDNIGHT,LEVEL_1,HIGH,12h,12,2024-12-16 12:00:00,2024-12-17 00:00:00,Operational alert horizon
4649392,30751,17/12/2024,2024-12-17 00:00:00,DATE_ONLY_ASSUMED_MIDNIGHT,LEVEL_1,HIGH,6h,6,2024-12-16 18:00:00,2024-12-17 00:00:00,Immediate warning
4649392,30751,17/12/2024,2024-12-17 00:00:00,DATE_ONLY_ASSUMED_MIDNIGHT,LEVEL_1,HIGH,1h,1,2024-12-16 23:00:00,2024-12-17 00:00:00,Near-failure behaviour
4648950,43016,16/12/2024,2024-12-16 00:00:00,DATE_ONLY_ASSUMED_MIDNIGHT,LEVEL_1,HIGH,7d,168,2024-12-09 00:00:00,2024-12-16 00:00:00,Long-term degradation
4648950,43016,16/12/2024,2024-12-16 00:00:00,DATE_ONLY_ASSUMED_MIDNIGHT,LEVEL_1,HIGH,3d,72,2024-12-13 00:00:00,2024-12-16 00:00:00,Medium-term degradation
4648950,43016,16/12/2024,2024-12-16 00:00:00,DATE_ONLY_ASSUMED_MIDNIGHT,LEVEL_1,HIGH,24h,24,2024-12-15 00:00:00,2024-12-16 00:00:00,Short-term warning
4648950,43016,16/12/2024,2024-12-16 00:00:00,DATE_ONLY_ASSUMED_MIDNIGHT,LEVEL_1,HIGH,12h,12,2024-12-15 12:00:00,2024-12-16 00:00:00,Operational alert horizon
4648950,43016,16/12/2024,2024-12-16 00:00:00,DATE_ONLY_ASSUMED_MIDNIGHT,LEVEL_1,HIGH,6h,6,2024-12-15 18:00:00,2024-12-16 00:00:00,Immediate warning
4648950,43016,16/12/2024,2024-12-16 00:00:00,DATE_ONLY_ASSUMED_MIDNIGHT,LEVEL_1,HIGH,1h,1,2024-12-15 23:00:00,2024-12-16 00:00:00,Near-failure behaviour
4645469,43368,14/12/2024,2024-12-14 00:00:00,DATE_ONLY_ASSUMED_MIDNIGHT,LEVEL_1,HIGH,7d,168,2024-12-07 00:00:00,2024-12-14 00:00:00,Long-term degradation
4645469,43368,14/12/2024,2024-12-14 00:00:00,DATE_ONLY_ASSUMED_MIDNIGHT,LEVEL_1,HIGH,3d,72,2024-12-11 00:00:00,2024-12-14 00:00:00,Medium-term degradation
4645469,43368,14/12/2024,2024-12-14 00:00:00,DATE_ONLY_ASSUMED_MIDNIGHT,LEVEL_1,HIGH,24h,24,2024-12-13 00:00:00,2024-12-14 00:00:00,Short-term warning
4645469,43368,14/12/2024,2024-12-14 00:00:00,DATE_ONLY_ASSUMED_MIDNIGHT,LEVEL_1,HIGH,12h,12,2024-12-13 12:00:00,2024-12-14 00:00:00,Operational alert horizon
4645469,43368,14/12/2024,2024-12-14 00:00:00,DATE_ONLY_ASSUMED_MIDNIGHT,LEVEL_1,HIGH,6h,6,2024-12-13 18:00:00,2024-12-14 00:00:00,Immediate warning
4645469,43368,14/12/2024,2024-12-14 00:00:00,DATE_ONLY_ASSUMED_MIDNIGHT,LEVEL_1,HIGH,1h,1,2024-12-13 23:00:00,2024-12-14 00:00:00,Near-failure behaviour
4639920,32281,12/12/2024,2024-12-12 00:00:00,DATE_ONLY_ASSUMED_MIDNIGHT,LEVEL_1,HIGH,7d,168,2024-12-05 00:00:00,2024-12-12 00:00:00,Long-term degradation
4639920,32281,12/12/2024,2024-12-12 00:00:00,DATE_ONLY_ASSUMED_MIDNIGHT,LEVEL_1,HIGH,3d,72,2024-12-09 00:00:00,2024-12-12 00:00:00,Medium-term degradation
4639920,32281,12/12/2024,2024-12-12 00:00:00,DATE_ONLY_ASSUMED_MIDNIGHT,LEVEL_1,HIGH,24h,24,2024-12-11 00:00:00,2024-12-12 00:00:00,Short-term warning
4639920,32281,12/12/2024,2024-12-12 00:00:00,DATE_ONLY_ASSUMED_MIDNIGHT,LEVEL_1,HIGH,12h,12,2024-12-11 12:00:00,2024-12-12 00:00:00,Operational alert horizon
4639920,32281,12/12/2024,2024-12-12 00:00:00,DATE_ONLY_ASSUMED_MIDNIGHT,LEVEL_1,HIGH,6h,6,2024-12-11 18:00:00,2024-12-12 00:00:00,Immediate warning
4639920,32281,12/12/2024,2024-12-12 00:00:00,DATE_ONLY_ASSUMED_MIDNIGHT,LEVEL_1,HIGH,1h,1,2024-12-11 23:00:00,2024-12-12 00:00:00,Near-failure behaviour
4635100,37282,10/12/2024,2024-12-10 05:00:00,EXACT,LEVEL_1,HIGH,7d,168,2024-12-03 05:00:00,2024-12-10 05:00:00,Long-term degradation
4635100,37282,10/12/2024,2024-12-10 05:00:00,EXACT,LEVEL_1,HIGH,3d,72,2024-12-07 05:00:00,2024-12-10 05:00:00,Medium-term degradation
4635100,37282,10/12/2024,2024-12-10 05:00:00,EXACT,LEVEL_1,HIGH,24h,24,2024-12-09 05:00:00,2024-12-10 05:00:00,Short-term warning
4635100,37282,10/12/2024,2024-12-10 05:00:00,EXACT,LEVEL_1,HIGH,12h,12,2024-12-09 17:00:00,2024-12-10 05:00:00,Operational alert horizon
4635100,37282,10/12/2024,2024-12-10 05:00:00,EXACT,LEVEL_1,HIGH,6h,6,2024-12-09 23:00:00,2024-12-10 05:00:00,Immediate warning
4635100,37282,10/12/2024,2024-12-10 05:00:00,EXACT,LEVEL_1,HIGH,1h,1,2024-12-10 04:00:00,2024-12-10 05:00:00,Near-failure behaviour
4616384,39117,30/11/2024,2024-11-30 00:00:00,DATE_ONLY_ASSUMED_MIDNIGHT,LEVEL_2,HIGH,7d,168,2024-11-23 00:00:00,2024-11-30 00:00:00,Long-term degradation
4616384,39117,30/11/2024,2024-11-30 00:00:00,DATE_ONLY_ASSUMED_MIDNIGHT,LEVEL_2,HIGH,3d,72,2024-11-27 00:00:00,2024-11-30 00:00:00,Medium-term degradation
4616384,39117,30/11/2024,2024-11-30 00:00:00,DATE_ONLY_ASSUMED_MIDNIGHT,LEVEL_2,HIGH,24h,24,2024-11-29 00:00:00,2024-11-30 00:00:00,Short-term warning
4616384,39117,30/11/2024,2024-11-30 00:00:00,DATE_ONLY_ASSUMED_MIDNIGHT,LEVEL_2,HIGH,12h,12,2024-11-29 12:00:00,2024-11-30 00:00:00,Operational alert horizon
4616384,39117,30/11/2024,2024-11-30 00:00:00,DATE_ONLY_ASSUMED_MIDNIGHT,LEVEL_2,HIGH,6h,6,2024-11-29 18:00:00,2024-11-30 00:00:00,Immediate warning
4616384,39117,30/11/2024,2024-11-30 00:00:00,DATE_ONLY_ASSUMED_MIDNIGHT,LEVEL_2,HIGH,1h,1,2024-11-29 23:00:00,2024-11-30 00:00:00,Near-failure behaviour
4616355,30341,30/11/2024,2024-11-30 00:00:00,DATE_ONLY_ASSUMED_MIDNIGHT,LEVEL_1,HIGH,7d,168,2024-11-23 00:00:00,2024-11-30 00:00:00,Long-term degradation
4616355,30341,30/11/2024,2024-11-30 00:00:00,DATE_ONLY_ASSUMED_MIDNIGHT,LEVEL_1,HIGH,3d,72,2024-11-27 00:00:00,2024-11-30 00:00:00,Medium-term degradation
4616355,30341,30/11/2024,2024-11-30 00:00:00,DATE_ONLY_ASSUMED_MIDNIGHT,LEVEL_1,HIGH,24h,24,2024-11-29 00:00:00,2024-11-30 00:00:00,Short-term warning
4616355,30341,30/11/2024,2024-11-30 00:00:00,DATE_ONLY_ASSUMED_MIDNIGHT,LEVEL_1,HIGH,12h,12,2024-11-29 12:00:00,2024-11-30 00:00:00,Operational alert horizon
4616355,30341,30/11/2024,2024-11-30 00:00:00,DATE_ONLY_ASSUMED_MIDNIGHT,LEVEL_1,HIGH,6h,6,2024-11-29 18:00:00,2024-11-30 00:00:00,Immediate warning
4616355,30341,30/11/2024,2024-11-30 00:00:00,DATE_ONLY_ASSUMED_MIDNIGHT,LEVEL_1,HIGH,1h,1,2024-11-29 23:00:00,2024-11-30 00:00:00,Near-failure behaviour
4609179,30675,27/11/2024,2024-11-27 00:00:00,DATE_ONLY_ASSUMED_MIDNIGHT,LEVEL_1,HIGH,7d,168,2024-11-20 00:00:00,2024-11-27 00:00:00,Long-term degradation
4609179,30675,27/11/2024,2024-11-27 00:00:00,DATE_ONLY_ASSUMED_MIDNIGHT,LEVEL_1,HIGH,3d,72,2024-11-24 00:00:00,2024-11-27 00:00:00,Medium-term degradation
4609179,30675,27/11/2024,2024-11-27 00:00:00,DATE_ONLY_ASSUMED_MIDNIGHT,LEVEL_1,HIGH,24h,24,2024-11-26 00:00:00,2024-11-27 00:00:00,Short-term warning
4609179,30675,27/11/2024,2024-11-27 00:00:00,DATE_ONLY_ASSUMED_MIDNIGHT,LEVEL_1,HIGH,12h,12,2024-11-26 12:00:00,2024-11-27 00:00:00,Operational alert horizon
4609179,30675,27/11/2024,2024-11-27 00:00:00,DATE_ONLY_ASSUMED_MIDNIGHT,LEVEL_1,HIGH,6h,6,2024-11-26 18:00:00,2024-11-27 00:00:00,Immediate warning
4609179,30675,27/11/2024,2024-11-27 00:00:00,DATE_ONLY_ASSUMED_MIDNIGHT,LEVEL_1,HIGH,1h,1,2024-11-26 23:00:00,2024-11-27 00:00:00,Near-failure behaviour
4610095,30319,27/11/2024,2024-11-27 00:00:00,DATE_ONLY_ASSUMED_MIDNIGHT,LEVEL_1,HIGH,7d,168,2024-11-20 00:00:00,2024-11-27 00:00:00,Long-term degradation
4610095,30319,27/11/2024,2024-11-27 00:00:00,DATE_ONLY_ASSUMED_MIDNIGHT,LEVEL_1,HIGH,3d,72,2024-11-24 00:00:00,2024-11-27 00:00:00,Medium-term degradation
4610095,30319,27/11/2024,2024-11-27 00:00:00,DATE_ONLY_ASSUMED_MIDNIGHT,LEVEL_1,HIGH,24h,24,2024-11-26 00:00:00,2024-11-27 00:00:00,Short-term warning
4610095,30319,27/11/2024,2024-11-27 00:00:00,DATE_ONLY_ASSUMED_MIDNIGHT,LEVEL_1,HIGH,12h,12,2024-11-26 12:00:00,2024-11-27 00:00:00,Operational alert horizon
4610095,30319,27/11/2024,2024-11-27 00:00:00,DATE_ONLY_ASSUMED_MIDNIGHT,LEVEL_1,HIGH,6h,6,2024-11-26 18:00:00,2024-11-27 00:00:00,Immediate warning
4610095,30319,27/11/2024,2024-11-27 00:00:00,DATE_ONLY_ASSUMED_MIDNIGHT,LEVEL_1,HIGH,1h,1,2024-11-26 23:00:00,2024-11-27 00:00:00,Near-failure behaviour
4591315,41733,18/11/2024,2024-11-18 00:00:00,DATE_ONLY_ASSUMED_MIDNIGHT,LEVEL_1,HIGH,7d,168,2024-11-11 00:00:00,2024-11-18 00:00:00,Long-term degradation
4591315,41733,18/11/2024,2024-11-18 00:00:00,DATE_ONLY_ASSUMED_MIDNIGHT,LEVEL_1,HIGH,3d,72,2024-11-15 00:00:00,2024-11-18 00:00:00,Medium-term degradation
4591315,41733,18/11/2024,2024-11-18 00:00:00,DATE_ONLY_ASSUMED_MIDNIGHT,LEVEL_1,HIGH,24h,24,2024-11-17 00:00:00,2024-11-18 00:00:00,Short-term warning
4591315,41733,18/11/2024,2024-11-18 00:00:00,DATE_ONLY_ASSUMED_MIDNIGHT,LEVEL_1,HIGH,12h,12,2024-11-17 12:00:00,2024-11-18 00:00:00,Operational alert horizon
4591315,41733,18/11/2024,2024-11-18 00:00:00,DATE_ONLY_ASSUMED_MIDNIGHT,LEVEL_1,HIGH,6h,6,2024-11-17 18:00:00,2024-11-18 00:00:00,Immediate warning
4591315,41733,18/11/2024,2024-11-18 00:00:00,DATE_ONLY_ASSUMED_MIDNIGHT,LEVEL_1,HIGH,1h,1,2024-11-17 23:00:00,2024-11-18 00:00:00,Near-failure behaviour
4590688,37373,18/11/2024,2024-11-18 00:00:00,DATE_ONLY_ASSUMED_MIDNIGHT,LEVEL_1,HIGH,7d,168,2024-11-11 00:00:00,2024-11-18 00:00:00,Long-term degradation
4590688,37373,18/11/2024,2024-11-18 00:00:00,DATE_ONLY_ASSUMED_MIDNIGHT,LEVEL_1,HIGH,3d,72,2024-11-15 00:00:00,2024-11-18 00:00:00,Medium-term degradation
4590688,37373,18/11/2024,2024-11-18 00:00:00,DATE_ONLY_ASSUMED_MIDNIGHT,LEVEL_1,HIGH,24h,24,2024-11-17 00:00:00,2024-11-18 00:00:00,Short-term warning
4590688,37373,18/11/2024,2024-11-18 00:00:00,DATE_ONLY_ASSUMED_MIDNIGHT,LEVEL_1,HIGH,12h,12,2024-11-17 12:00:00,2024-11-18 00:00:00,Operational alert horizon
4590688,37373,18/11/2024,2024-11-18 00:00:00,DATE_ONLY_ASSUMED_MIDNIGHT,LEVEL_1,HIGH,6h,6,2024-11-17 18:00:00,2024-11-18 00:00:00,Immediate warning
4590688,37373,18/11/2024,2024-11-18 00:00:00,DATE_ONLY_ASSUMED_MIDNIGHT,LEVEL_1,HIGH,1h,1,2024-11-17 23:00:00,2024-11-18 00:00:00,Near-failure behaviour
4587247,37508,17/11/2024,2024-11-17 00:00:00,DATE_ONLY_ASSUMED_MIDNIGHT,LEVEL_1,HIGH,7d,168,2024-11-10 00:00:00,2024-11-17 00:00:00,Long-term degradation
4587247,37508,17/11/2024,2024-11-17 00:00:00,DATE_ONLY_ASSUMED_MIDNIGHT,LEVEL_1,HIGH,3d,72,2024-11-14 00:00:00,2024-11-17 00:00:00,Medium-term degradation
4587247,37508,17/11/2024,2024-11-17 00:00:00,DATE_ONLY_ASSUMED_MIDNIGHT,LEVEL_1,HIGH,24h,24,2024-11-16 00:00:00,2024-11-17 00:00:00,Short-term warning
4587247,37508,17/11/2024,2024-11-17 00:00:00,DATE_ONLY_ASSUMED_MIDNIGHT,LEVEL_1,HIGH,12h,12,2024-11-16 12:00:00,2024-11-17 00:00:00,Operational alert horizon
4587247,37508,17/11/2024,2024-11-17 00:00:00,DATE_ONLY_ASSUMED_MIDNIGHT,LEVEL_1,HIGH,6h,6,2024-11-16 18:00:00,2024-11-17 00:00:00,Immediate warning
4587247,37508,17/11/2024,2024-11-17 00:00:00,DATE_ONLY_ASSUMED_MIDNIGHT,LEVEL_1,HIGH,1h,1,2024-11-16 23:00:00,2024-11-17 00:00:00,Near-failure behaviour
4585322,33835,16/11/2024,2024-11-16 00:00:00,DATE_ONLY_ASSUMED_MIDNIGHT,LEVEL_1,HIGH,7d,168,2024-11-09 00:00:00,2024-11-16 00:00:00,Long-term degradation
4585322,33835,16/11/2024,2024-11-16 00:00:00,DATE_ONLY_ASSUMED_MIDNIGHT,LEVEL_1,HIGH,3d,72,2024-11-13 00:00:00,2024-11-16 00:00:00,Medium-term degradation
4585322,33835,16/11/2024,2024-11-16 00:00:00,DATE_ONLY_ASSUMED_MIDNIGHT,LEVEL_1,HIGH,24h,24,2024-11-15 00:00:00,2024-11-16 00:00:00,Short-term warning
4585322,33835,16/11/2024,2024-11-16 00:00:00,DATE_ONLY_ASSUMED_MIDNIGHT,LEVEL_1,HIGH,12h,12,2024-11-15 12:00:00,2024-11-16 00:00:00,Operational alert horizon
4585322,33835,16/11/2024,2024-11-16 00:00:00,DATE_ONLY_ASSUMED_MIDNIGHT,LEVEL_1,HIGH,6h,6,2024-11-15 18:00:00,2024-11-16 00:00:00,Immediate warning
4585322,33835,16/11/2024,2024-11-16 00:00:00,DATE_ONLY_ASSUMED_MIDNIGHT,LEVEL_1,HIGH,1h,1,2024-11-15 23:00:00,2024-11-16 00:00:00,Near-failure behaviour
4541444,33516,25/10/2024,2024-10-25 00:00:00,DATE_ONLY_ASSUMED_MIDNIGHT,LEVEL_1,HIGH,7d,168,2024-10-18 00:00:00,2024-10-25 00:00:00,Long-term degradation
4541444,33516,25/10/2024,2024-10-25 00:00:00,DATE_ONLY_ASSUMED_MIDNIGHT,LEVEL_1,HIGH,3d,72,2024-10-22 00:00:00,2024-10-25 00:00:00,Medium-term degradation
4541444,33516,25/10/2024,2024-10-25 00:00:00,DATE_ONLY_ASSUMED_MIDNIGHT,LEVEL_1,HIGH,24h,24,2024-10-24 00:00:00,2024-10-25 00:00:00,Short-term warning
4541444,33516,25/10/2024,2024-10-25 00:00:00,DATE_ONLY_ASSUMED_MIDNIGHT,LEVEL_1,HIGH,12h,12,2024-10-24 12:00:00,2024-10-25 00:00:00,Operational alert horizon
4541444,33516,25/10/2024,2024-10-25 00:00:00,DATE_ONLY_ASSUMED_MIDNIGHT,LEVEL_1,HIGH,6h,6,2024-10-24 18:00:00,2024-10-25 00:00:00,Immediate warning
4541444,33516,25/10/2024,2024-10-25 00:00:00,DATE_ONLY_ASSUMED_MIDNIGHT,LEVEL_1,HIGH,1h,1,2024-10-24 23:00:00,2024-10-25 00:00:00,Near-failure behaviour
4538631,37544,24/10/2024,2024-10-24 00:00:00,DATE_ONLY_ASSUMED_MIDNIGHT,LEVEL_1,HIGH,7d,168,2024-10-17 00:00:00,2024-10-24 00:00:00,Long-term degradation
4538631,37544,24/10/2024,2024-10-24 00:00:00,DATE_ONLY_ASSUMED_MIDNIGHT,LEVEL_1,HIGH,3d,72,2024-10-21 00:00:00,2024-10-24 00:00:00,Medium-term degradation
4538631,37544,24/10/2024,2024-10-24 00:00:00,DATE_ONLY_ASSUMED_MIDNIGHT,LEVEL_1,HIGH,24h,24,2024-10-23 00:00:00,2024-10-24 00:00:00,Short-term warning
4538631,37544,24/10/2024,2024-10-24 00:00:00,DATE_ONLY_ASSUMED_MIDNIGHT,LEVEL_1,HIGH,12h,12,2024-10-23 12:00:00,2024-10-24 00:00:00,Operational alert horizon
4538631,37544,24/10/2024,2024-10-24 00:00:00,DATE_ONLY_ASSUMED_MIDNIGHT,LEVEL_1,HIGH,6h,6,2024-10-23 18:00:00,2024-10-24 00:00:00,Immediate warning
4538631,37544,24/10/2024,2024-10-24 00:00:00,DATE_ONLY_ASSUMED_MIDNIGHT,LEVEL_1,HIGH,1h,1,2024-10-23 23:00:00,2024-10-24 00:00:00,Near-failure behaviour
4537272,33574,23/10/2024,2024-10-23 00:00:00,DATE_ONLY_ASSUMED_MIDNIGHT,LEVEL_2,HIGH,7d,168,2024-10-16 00:00:00,2024-10-23 00:00:00,Long-term degradation
4537272,33574,23/10/2024,2024-10-23 00:00:00,DATE_ONLY_ASSUMED_MIDNIGHT,LEVEL_2,HIGH,3d,72,2024-10-20 00:00:00,2024-10-23 00:00:00,Medium-term degradation
4537272,33574,23/10/2024,2024-10-23 00:00:00,DATE_ONLY_ASSUMED_MIDNIGHT,LEVEL_2,HIGH,24h,24,2024-10-22 00:00:00,2024-10-23 00:00:00,Short-term warning
4537272,33574,23/10/2024,2024-10-23 00:00:00,DATE_ONLY_ASSUMED_MIDNIGHT,LEVEL_2,HIGH,12h,12,2024-10-22 12:00:00,2024-10-23 00:00:00,Operational alert horizon
4537272,33574,23/10/2024,2024-10-23 00:00:00,DATE_ONLY_ASSUMED_MIDNIGHT,LEVEL_2,HIGH,6h,6,2024-10-22 18:00:00,2024-10-23 00:00:00,Immediate warning
4537272,33574,23/10/2024,2024-10-23 00:00:00,DATE_ONLY_ASSUMED_MIDNIGHT,LEVEL_2,HIGH,1h,1,2024-10-22 23:00:00,2024-10-23 00:00:00,Near-failure behaviour
4536532,32054,23/10/2024,2024-10-23 00:00:00,DATE_ONLY_ASSUMED_MIDNIGHT,LEVEL_1,HIGH,7d,168,2024-10-16 00:00:00,2024-10-23 00:00:00,Long-term degradation
4536532,32054,23/10/2024,2024-10-23 00:00:00,DATE_ONLY_ASSUMED_MIDNIGHT,LEVEL_1,HIGH,3d,72,2024-10-20 00:00:00,2024-10-23 00:00:00,Medium-term degradation
4536532,32054,23/10/2024,2024-10-23 00:00:00,DATE_ONLY_ASSUMED_MIDNIGHT,LEVEL_1,HIGH,24h,24,2024-10-22 00:00:00,2024-10-23 00:00:00,Short-term warning
4536532,32054,23/10/2024,2024-10-23 00:00:00,DATE_ONLY_ASSUMED_MIDNIGHT,LEVEL_1,HIGH,12h,12,2024-10-22 12:00:00,2024-10-23 00:00:00,Operational alert horizon
4536532,32054,23/10/2024,2024-10-23 00:00:00,DATE_ONLY_ASSUMED_MIDNIGHT,LEVEL_1,HIGH,6h,6,2024-10-22 18:00:00,2024-10-23 00:00:00,Immediate warning
4536532,32054,23/10/2024,2024-10-23 00:00:00,DATE_ONLY_ASSUMED_MIDNIGHT,LEVEL_1,HIGH,1h,1,2024-10-22 23:00:00,2024-10-23 00:00:00,Near-failure behaviour
4522998,38588,17/10/2024,2024-10-17 00:00:00,DATE_ONLY_ASSUMED_MIDNIGHT,LEVEL_1,HIGH,7d,168,2024-10-10 00:00:00,2024-10-17 00:00:00,Long-term degradation
4522998,38588,17/10/2024,2024-10-17 00:00:00,DATE_ONLY_ASSUMED_MIDNIGHT,LEVEL_1,HIGH,3d,72,2024-10-14 00:00:00,2024-10-17 00:00:00,Medium-term degradation
4522998,38588,17/10/2024,2024-10-17 00:00:00,DATE_ONLY_ASSUMED_MIDNIGHT,LEVEL_1,HIGH,24h,24,2024-10-16 00:00:00,2024-10-17 00:00:00,Short-term warning
4522998,38588,17/10/2024,2024-10-17 00:00:00,DATE_ONLY_ASSUMED_MIDNIGHT,LEVEL_1,HIGH,12h,12,2024-10-16 12:00:00,2024-10-17 00:00:00,Operational alert horizon
4522998,38588,17/10/2024,2024-10-17 00:00:00,DATE_ONLY_ASSUMED_MIDNIGHT,LEVEL_1,HIGH,6h,6,2024-10-16 18:00:00,2024-10-17 00:00:00,Immediate warning
4522998,38588,17/10/2024,2024-10-17 00:00:00,DATE_ONLY_ASSUMED_MIDNIGHT,LEVEL_1,HIGH,1h,1,2024-10-16 23:00:00,2024-10-17 00:00:00,Near-failure behaviour
4522226,32562,16/10/2024,2024-10-16 00:00:00,DATE_ONLY_ASSUMED_MIDNIGHT,LEVEL_1,HIGH,7d,168,2024-10-09 00:00:00,2024-10-16 00:00:00,Long-term degradation
4522226,32562,16/10/2024,2024-10-16 00:00:00,DATE_ONLY_ASSUMED_MIDNIGHT,LEVEL_1,HIGH,3d,72,2024-10-13 00:00:00,2024-10-16 00:00:00,Medium-term degradation
4522226,32562,16/10/2024,2024-10-16 00:00:00,DATE_ONLY_ASSUMED_MIDNIGHT,LEVEL_1,HIGH,24h,24,2024-10-15 00:00:00,2024-10-16 00:00:00,Short-term warning
4522226,32562,16/10/2024,2024-10-16 00:00:00,DATE_ONLY_ASSUMED_MIDNIGHT,LEVEL_1,HIGH,12h,12,2024-10-15 12:00:00,2024-10-16 00:00:00,Operational alert horizon
4522226,32562,16/10/2024,2024-10-16 00:00:00,DATE_ONLY_ASSUMED_MIDNIGHT,LEVEL_1,HIGH,6h,6,2024-10-15 18:00:00,2024-10-16 00:00:00,Immediate warning
4522226,32562,16/10/2024,2024-10-16 00:00:00,DATE_ONLY_ASSUMED_MIDNIGHT,LEVEL_1,HIGH,1h,1,2024-10-15 23:00:00,2024-10-16 00:00:00,Near-failure behaviour
4485765,33734,27/09/2024,2024-09-27 00:00:00,DATE_ONLY_ASSUMED_MIDNIGHT,LEVEL_1,HIGH,7d,168,2024-09-20 00:00:00,2024-09-27 00:00:00,Long-term degradation
4485765,33734,27/09/2024,2024-09-27 00:00:00,DATE_ONLY_ASSUMED_MIDNIGHT,LEVEL_1,HIGH,3d,72,2024-09-24 00:00:00,2024-09-27 00:00:00,Medium-term degradation
4485765,33734,27/09/2024,2024-09-27 00:00:00,DATE_ONLY_ASSUMED_MIDNIGHT,LEVEL_1,HIGH,24h,24,2024-09-26 00:00:00,2024-09-27 00:00:00,Short-term warning
4485765,33734,27/09/2024,2024-09-27 00:00:00,DATE_ONLY_ASSUMED_MIDNIGHT,LEVEL_1,HIGH,12h,12,2024-09-26 12:00:00,2024-09-27 00:00:00,Operational alert horizon
4485765,33734,27/09/2024,2024-09-27 00:00:00,DATE_ONLY_ASSUMED_MIDNIGHT,LEVEL_1,HIGH,6h,6,2024-09-26 18:00:00,2024-09-27 00:00:00,Immediate warning
4485765,33734,27/09/2024,2024-09-27 00:00:00,DATE_ONLY_ASSUMED_MIDNIGHT,LEVEL_1,HIGH,1h,1,2024-09-26 23:00:00,2024-09-27 00:00:00,Near-failure behaviour
4479286,37044,24/09/2024,2024-09-24 00:00:00,DATE_ONLY_ASSUMED_MIDNIGHT,LEVEL_1,HIGH,7d,168,2024-09-17 00:00:00,2024-09-24 00:00:00,Long-term degradation
4479286,37044,24/09/2024,2024-09-24 00:00:00,DATE_ONLY_ASSUMED_MIDNIGHT,LEVEL_1,HIGH,3d,72,2024-09-21 00:00:00,2024-09-24 00:00:00,Medium-term degradation
4479286,37044,24/09/2024,2024-09-24 00:00:00,DATE_ONLY_ASSUMED_MIDNIGHT,LEVEL_1,HIGH,24h,24,2024-09-23 00:00:00,2024-09-24 00:00:00,Short-term warning
4479286,37044,24/09/2024,2024-09-24 00:00:00,DATE_ONLY_ASSUMED_MIDNIGHT,LEVEL_1,HIGH,12h,12,2024-09-23 12:00:00,2024-09-24 00:00:00,Operational alert horizon
4479286,37044,24/09/2024,2024-09-24 00:00:00,DATE_ONLY_ASSUMED_MIDNIGHT,LEVEL_1,HIGH,6h,6,2024-09-23 18:00:00,2024-09-24 00:00:00,Immediate warning
4479286,37044,24/09/2024,2024-09-24 00:00:00,DATE_ONLY_ASSUMED_MIDNIGHT,LEVEL_1,HIGH,1h,1,2024-09-23 23:00:00,2024-09-24 00:00:00,Near-failure behaviour
4464149,39026,17/09/2024,2024-09-17 00:00:00,DATE_ONLY_ASSUMED_MIDNIGHT,LEVEL_1,HIGH,7d,168,2024-09-10 00:00:00,2024-09-17 00:00:00,Long-term degradation
4464149,39026,17/09/2024,2024-09-17 00:00:00,DATE_ONLY_ASSUMED_MIDNIGHT,LEVEL_1,HIGH,3d,72,2024-09-14 00:00:00,2024-09-17 00:00:00,Medium-term degradation
4464149,39026,17/09/2024,2024-09-17 00:00:00,DATE_ONLY_ASSUMED_MIDNIGHT,LEVEL_1,HIGH,24h,24,2024-09-16 00:00:00,2024-09-17 00:00:00,Short-term warning
4464149,39026,17/09/2024,2024-09-17 00:00:00,DATE_ONLY_ASSUMED_MIDNIGHT,LEVEL_1,HIGH,12h,12,2024-09-16 12:00:00,2024-09-17 00:00:00,Operational alert horizon
4464149,39026,17/09/2024,2024-09-17 00:00:00,DATE_ONLY_ASSUMED_MIDNIGHT,LEVEL_1,HIGH,6h,6,2024-09-16 18:00:00,2024-09-17 00:00:00,Immediate warning
4464149,39026,17/09/2024,2024-09-17 00:00:00,DATE_ONLY_ASSUMED_MIDNIGHT,LEVEL_1,HIGH,1h,1,2024-09-16 23:00:00,2024-09-17 00:00:00,Near-failure behaviour
4463918,33734,17/09/2024,2024-09-17 00:00:00,DATE_ONLY_ASSUMED_MIDNIGHT,LEVEL_1,HIGH,7d,168,2024-09-10 00:00:00,2024-09-17 00:00:00,Long-term degradation
4463918,33734,17/09/2024,2024-09-17 00:00:00,DATE_ONLY_ASSUMED_MIDNIGHT,LEVEL_1,HIGH,3d,72,2024-09-14 00:00:00,2024-09-17 00:00:00,Medium-term degradation
4463918,33734,17/09/2024,2024-09-17 00:00:00,DATE_ONLY_ASSUMED_MIDNIGHT,LEVEL_1,HIGH,24h,24,2024-09-16 00:00:00,2024-09-17 00:00:00,Short-term warning
4463918,33734,17/09/2024,2024-09-17 00:00:00,DATE_ONLY_ASSUMED_MIDNIGHT,LEVEL_1,HIGH,12h,12,2024-09-16 12:00:00,2024-09-17 00:00:00,Operational alert horizon
4463918,33734,17/09/2024,2024-09-17 00:00:00,DATE_ONLY_ASSUMED_MIDNIGHT,LEVEL_1,HIGH,6h,6,2024-09-16 18:00:00,2024-09-17 00:00:00,Immediate warning
4463918,33734,17/09/2024,2024-09-17 00:00:00,DATE_ONLY_ASSUMED_MIDNIGHT,LEVEL_1,HIGH,1h,1,2024-09-16 23:00:00,2024-09-17 00:00:00,Near-failure behaviour
4463548,30642,17/09/2024,2024-09-17 00:00:00,DATE_ONLY_ASSUMED_MIDNIGHT,LEVEL_1,HIGH,7d,168,2024-09-10 00:00:00,2024-09-17 00:00:00,Long-term degradation
4463548,30642,17/09/2024,2024-09-17 00:00:00,DATE_ONLY_ASSUMED_MIDNIGHT,LEVEL_1,HIGH,3d,72,2024-09-14 00:00:00,2024-09-17 00:00:00,Medium-term degradation
4463548,30642,17/09/2024,2024-09-17 00:00:00,DATE_ONLY_ASSUMED_MIDNIGHT,LEVEL_1,HIGH,24h,24,2024-09-16 00:00:00,2024-09-17 00:00:00,Short-term warning
4463548,30642,17/09/2024,2024-09-17 00:00:00,DATE_ONLY_ASSUMED_MIDNIGHT,LEVEL_1,HIGH,12h,12,2024-09-16 12:00:00,2024-09-17 00:00:00,Operational alert horizon
4463548,30642,17/09/2024,2024-09-17 00:00:00,DATE_ONLY_ASSUMED_MIDNIGHT,LEVEL_1,HIGH,6h,6,2024-09-16 18:00:00,2024-09-17 00:00:00,Immediate warning
4463548,30642,17/09/2024,2024-09-17 00:00:00,DATE_ONLY_ASSUMED_MIDNIGHT,LEVEL_1,HIGH,1h,1,2024-09-16 23:00:00,2024-09-17 00:00:00,Near-failure behaviour
4460219,39114,15/09/2024,2024-09-15 00:00:00,DATE_ONLY_ASSUMED_MIDNIGHT,LEVEL_1,HIGH,7d,168,2024-09-08 00:00:00,2024-09-15 00:00:00,Long-term degradation
4460219,39114,15/09/2024,2024-09-15 00:00:00,DATE_ONLY_ASSUMED_MIDNIGHT,LEVEL_1,HIGH,3d,72,2024-09-12 00:00:00,2024-09-15 00:00:00,Medium-term degradation
4460219,39114,15/09/2024,2024-09-15 00:00:00,DATE_ONLY_ASSUMED_MIDNIGHT,LEVEL_1,HIGH,24h,24,2024-09-14 00:00:00,2024-09-15 00:00:00,Short-term warning
4460219,39114,15/09/2024,2024-09-15 00:00:00,DATE_ONLY_ASSUMED_MIDNIGHT,LEVEL_1,HIGH,12h,12,2024-09-14 12:00:00,2024-09-15 00:00:00,Operational alert horizon
4460219,39114,15/09/2024,2024-09-15 00:00:00,DATE_ONLY_ASSUMED_MIDNIGHT,LEVEL_1,HIGH,6h,6,2024-09-14 18:00:00,2024-09-15 00:00:00,Immediate warning
4460219,39114,15/09/2024,2024-09-15 00:00:00,DATE_ONLY_ASSUMED_MIDNIGHT,LEVEL_1,HIGH,1h,1,2024-09-14 23:00:00,2024-09-15 00:00:00,Near-failure behaviour
4453192,33636,11/09/2024,2024-09-11 00:00:00,DATE_ONLY_ASSUMED_MIDNIGHT,LEVEL_1,HIGH,7d,168,2024-09-04 00:00:00,2024-09-11 00:00:00,Long-term degradation
4453192,33636,11/09/2024,2024-09-11 00:00:00,DATE_ONLY_ASSUMED_MIDNIGHT,LEVEL_1,HIGH,3d,72,2024-09-08 00:00:00,2024-09-11 00:00:00,Medium-term degradation
4453192,33636,11/09/2024,2024-09-11 00:00:00,DATE_ONLY_ASSUMED_MIDNIGHT,LEVEL_1,HIGH,24h,24,2024-09-10 00:00:00,2024-09-11 00:00:00,Short-term warning
4453192,33636,11/09/2024,2024-09-11 00:00:00,DATE_ONLY_ASSUMED_MIDNIGHT,LEVEL_1,HIGH,12h,12,2024-09-10 12:00:00,2024-09-11 00:00:00,Operational alert horizon
4453192,33636,11/09/2024,2024-09-11 00:00:00,DATE_ONLY_ASSUMED_MIDNIGHT,LEVEL_1,HIGH,6h,6,2024-09-10 18:00:00,2024-09-11 00:00:00,Immediate warning
4453192,33636,11/09/2024,2024-09-11 00:00:00,DATE_ONLY_ASSUMED_MIDNIGHT,LEVEL_1,HIGH,1h,1,2024-09-10 23:00:00,2024-09-11 00:00:00,Near-failure behaviour
4433964,43481,01/09/2024,2024-09-01 00:00:00,DATE_ONLY_ASSUMED_MIDNIGHT,LEVEL_2,HIGH,7d,168,2024-08-25 00:00:00,2024-09-01 00:00:00,Long-term degradation
4433964,43481,01/09/2024,2024-09-01 00:00:00,DATE_ONLY_ASSUMED_MIDNIGHT,LEVEL_2,HIGH,3d,72,2024-08-29 00:00:00,2024-09-01 00:00:00,Medium-term degradation
4433964,43481,01/09/2024,2024-09-01 00:00:00,DATE_ONLY_ASSUMED_MIDNIGHT,LEVEL_2,HIGH,24h,24,2024-08-31 00:00:00,2024-09-01 00:00:00,Short-term warning
4433964,43481,01/09/2024,2024-09-01 00:00:00,DATE_ONLY_ASSUMED_MIDNIGHT,LEVEL_2,HIGH,12h,12,2024-08-31 12:00:00,2024-09-01 00:00:00,Operational alert horizon
4433964,43481,01/09/2024,2024-09-01 00:00:00,DATE_ONLY_ASSUMED_MIDNIGHT,LEVEL_2,HIGH,6h,6,2024-08-31 18:00:00,2024-09-01 00:00:00,Immediate warning
4433964,43481,01/09/2024,2024-09-01 00:00:00,DATE_ONLY_ASSUMED_MIDNIGHT,LEVEL_2,HIGH,1h,1,2024-08-31 23:00:00,2024-09-01 00:00:00,Near-failure behaviour
4429780,31165,30/08/2024,2024-08-30 00:00:00,DATE_ONLY_ASSUMED_MIDNIGHT,LEVEL_2,HIGH,7d,168,2024-08-23 00:00:00,2024-08-30 00:00:00,Long-term degradation
4429780,31165,30/08/2024,2024-08-30 00:00:00,DATE_ONLY_ASSUMED_MIDNIGHT,LEVEL_2,HIGH,3d,72,2024-08-27 00:00:00,2024-08-30 00:00:00,Medium-term degradation
4429780,31165,30/08/2024,2024-08-30 00:00:00,DATE_ONLY_ASSUMED_MIDNIGHT,LEVEL_2,HIGH,24h,24,2024-08-29 00:00:00,2024-08-30 00:00:00,Short-term warning
4429780,31165,30/08/2024,2024-08-30 00:00:00,DATE_ONLY_ASSUMED_MIDNIGHT,LEVEL_2,HIGH,12h,12,2024-08-29 12:00:00,2024-08-30 00:00:00,Operational alert horizon
4429780,31165,30/08/2024,2024-08-30 00:00:00,DATE_ONLY_ASSUMED_MIDNIGHT,LEVEL_2,HIGH,6h,6,2024-08-29 18:00:00,2024-08-30 00:00:00,Immediate warning
4429780,31165,30/08/2024,2024-08-30 00:00:00,DATE_ONLY_ASSUMED_MIDNIGHT,LEVEL_2,HIGH,1h,1,2024-08-29 23:00:00,2024-08-30 00:00:00,Near-failure behaviour
4408770,32114,19/08/2024,2024-08-19 00:00:00,DATE_ONLY_ASSUMED_MIDNIGHT,LEVEL_1,HIGH,7d,168,2024-08-12 00:00:00,2024-08-19 00:00:00,Long-term degradation
4408770,32114,19/08/2024,2024-08-19 00:00:00,DATE_ONLY_ASSUMED_MIDNIGHT,LEVEL_1,HIGH,3d,72,2024-08-16 00:00:00,2024-08-19 00:00:00,Medium-term degradation
4408770,32114,19/08/2024,2024-08-19 00:00:00,DATE_ONLY_ASSUMED_MIDNIGHT,LEVEL_1,HIGH,24h,24,2024-08-18 00:00:00,2024-08-19 00:00:00,Short-term warning
4408770,32114,19/08/2024,2024-08-19 00:00:00,DATE_ONLY_ASSUMED_MIDNIGHT,LEVEL_1,HIGH,12h,12,2024-08-18 12:00:00,2024-08-19 00:00:00,Operational alert horizon
4408770,32114,19/08/2024,2024-08-19 00:00:00,DATE_ONLY_ASSUMED_MIDNIGHT,LEVEL_1,HIGH,6h,6,2024-08-18 18:00:00,2024-08-19 00:00:00,Immediate warning
4408770,32114,19/08/2024,2024-08-19 00:00:00,DATE_ONLY_ASSUMED_MIDNIGHT,LEVEL_1,HIGH,1h,1,2024-08-18 23:00:00,2024-08-19 00:00:00,Near-failure behaviour
4404897,32695,17/08/2024,2024-08-17 00:00:00,DATE_ONLY_ASSUMED_MIDNIGHT,LEVEL_1,HIGH,7d,168,2024-08-10 00:00:00,2024-08-17 00:00:00,Long-term degradation
4404897,32695,17/08/2024,2024-08-17 00:00:00,DATE_ONLY_ASSUMED_MIDNIGHT,LEVEL_1,HIGH,3d,72,2024-08-14 00:00:00,2024-08-17 00:00:00,Medium-term degradation
4404897,32695,17/08/2024,2024-08-17 00:00:00,DATE_ONLY_ASSUMED_MIDNIGHT,LEVEL_1,HIGH,24h,24,2024-08-16 00:00:00,2024-08-17 00:00:00,Short-term warning
4404897,32695,17/08/2024,2024-08-17 00:00:00,DATE_ONLY_ASSUMED_MIDNIGHT,LEVEL_1,HIGH,12h,12,2024-08-16 12:00:00,2024-08-17 00:00:00,Operational alert horizon
4404897,32695,17/08/2024,2024-08-17 00:00:00,DATE_ONLY_ASSUMED_MIDNIGHT,LEVEL_1,HIGH,6h,6,2024-08-16 18:00:00,2024-08-17 00:00:00,Immediate warning
4404897,32695,17/08/2024,2024-08-17 00:00:00,DATE_ONLY_ASSUMED_MIDNIGHT,LEVEL_1,HIGH,1h,1,2024-08-16 23:00:00,2024-08-17 00:00:00,Near-failure behaviour
4402640,37038,16/08/2024,2024-08-16 00:00:00,DATE_ONLY_ASSUMED_MIDNIGHT,LEVEL_1,HIGH,7d,168,2024-08-09 00:00:00,2024-08-16 00:00:00,Long-term degradation
4402640,37038,16/08/2024,2024-08-16 00:00:00,DATE_ONLY_ASSUMED_MIDNIGHT,LEVEL_1,HIGH,3d,72,2024-08-13 00:00:00,2024-08-16 00:00:00,Medium-term degradation
4402640,37038,16/08/2024,2024-08-16 00:00:00,DATE_ONLY_ASSUMED_MIDNIGHT,LEVEL_1,HIGH,24h,24,2024-08-15 00:00:00,2024-08-16 00:00:00,Short-term warning
4402640,37038,16/08/2024,2024-08-16 00:00:00,DATE_ONLY_ASSUMED_MIDNIGHT,LEVEL_1,HIGH,12h,12,2024-08-15 12:00:00,2024-08-16 00:00:00,Operational alert horizon
4402640,37038,16/08/2024,2024-08-16 00:00:00,DATE_ONLY_ASSUMED_MIDNIGHT,LEVEL_1,HIGH,6h,6,2024-08-15 18:00:00,2024-08-16 00:00:00,Immediate warning
4402640,37038,16/08/2024,2024-08-16 00:00:00,DATE_ONLY_ASSUMED_MIDNIGHT,LEVEL_1,HIGH,1h,1,2024-08-15 23:00:00,2024-08-16 00:00:00,Near-failure behaviour
4375493,37361,03/08/2024,2024-08-03 00:00:00,DATE_ONLY_ASSUMED_MIDNIGHT,LEVEL_1,HIGH,7d,168,2024-07-27 00:00:00,2024-08-03 00:00:00,Long-term degradation
4375493,37361,03/08/2024,2024-08-03 00:00:00,DATE_ONLY_ASSUMED_MIDNIGHT,LEVEL_1,HIGH,3d,72,2024-07-31 00:00:00,2024-08-03 00:00:00,Medium-term degradation
4375493,37361,03/08/2024,2024-08-03 00:00:00,DATE_ONLY_ASSUMED_MIDNIGHT,LEVEL_1,HIGH,24h,24,2024-08-02 00:00:00,2024-08-03 00:00:00,Short-term warning
4375493,37361,03/08/2024,2024-08-03 00:00:00,DATE_ONLY_ASSUMED_MIDNIGHT,LEVEL_1,HIGH,12h,12,2024-08-02 12:00:00,2024-08-03 00:00:00,Operational alert horizon
4375493,37361,03/08/2024,2024-08-03 00:00:00,DATE_ONLY_ASSUMED_MIDNIGHT,LEVEL_1,HIGH,6h,6,2024-08-02 18:00:00,2024-08-03 00:00:00,Immediate warning
4375493,37361,03/08/2024,2024-08-03 00:00:00,DATE_ONLY_ASSUMED_MIDNIGHT,LEVEL_1,HIGH,1h,1,2024-08-02 23:00:00,2024-08-03 00:00:00,Near-failure behaviour
4361526,37002,27/07/2024,2024-07-27 00:00:00,DATE_ONLY_ASSUMED_MIDNIGHT,LEVEL_1,HIGH,7d,168,2024-07-20 00:00:00,2024-07-27 00:00:00,Long-term degradation
4361526,37002,27/07/2024,2024-07-27 00:00:00,DATE_ONLY_ASSUMED_MIDNIGHT,LEVEL_1,HIGH,3d,72,2024-07-24 00:00:00,2024-07-27 00:00:00,Medium-term degradation
4361526,37002,27/07/2024,2024-07-27 00:00:00,DATE_ONLY_ASSUMED_MIDNIGHT,LEVEL_1,HIGH,24h,24,2024-07-26 00:00:00,2024-07-27 00:00:00,Short-term warning
4361526,37002,27/07/2024,2024-07-27 00:00:00,DATE_ONLY_ASSUMED_MIDNIGHT,LEVEL_1,HIGH,12h,12,2024-07-26 12:00:00,2024-07-27 00:00:00,Operational alert horizon
4361526,37002,27/07/2024,2024-07-27 00:00:00,DATE_ONLY_ASSUMED_MIDNIGHT,LEVEL_1,HIGH,6h,6,2024-07-26 18:00:00,2024-07-27 00:00:00,Immediate warning
4361526,37002,27/07/2024,2024-07-27 00:00:00,DATE_ONLY_ASSUMED_MIDNIGHT,LEVEL_1,HIGH,1h,1,2024-07-26 23:00:00,2024-07-27 00:00:00,Near-failure behaviour
4340750,41575,16/07/2024,2024-07-16 00:00:00,DATE_ONLY_ASSUMED_MIDNIGHT,LEVEL_2,HIGH,7d,168,2024-07-09 00:00:00,2024-07-16 00:00:00,Long-term degradation
4340750,41575,16/07/2024,2024-07-16 00:00:00,DATE_ONLY_ASSUMED_MIDNIGHT,LEVEL_2,HIGH,3d,72,2024-07-13 00:00:00,2024-07-16 00:00:00,Medium-term degradation
4340750,41575,16/07/2024,2024-07-16 00:00:00,DATE_ONLY_ASSUMED_MIDNIGHT,LEVEL_2,HIGH,24h,24,2024-07-15 00:00:00,2024-07-16 00:00:00,Short-term warning
4340750,41575,16/07/2024,2024-07-16 00:00:00,DATE_ONLY_ASSUMED_MIDNIGHT,LEVEL_2,HIGH,12h,12,2024-07-15 12:00:00,2024-07-16 00:00:00,Operational alert horizon
4340750,41575,16/07/2024,2024-07-16 00:00:00,DATE_ONLY_ASSUMED_MIDNIGHT,LEVEL_2,HIGH,6h,6,2024-07-15 18:00:00,2024-07-16 00:00:00,Immediate warning
4340750,41575,16/07/2024,2024-07-16 00:00:00,DATE_ONLY_ASSUMED_MIDNIGHT,LEVEL_2,HIGH,1h,1,2024-07-15 23:00:00,2024-07-16 00:00:00,Near-failure behaviour
4337394,30354,15/07/2024,2024-07-15 00:00:00,DATE_ONLY_ASSUMED_MIDNIGHT,LEVEL_1,HIGH,7d,168,2024-07-08 00:00:00,2024-07-15 00:00:00,Long-term degradation
4337394,30354,15/07/2024,2024-07-15 00:00:00,DATE_ONLY_ASSUMED_MIDNIGHT,LEVEL_1,HIGH,3d,72,2024-07-12 00:00:00,2024-07-15 00:00:00,Medium-term degradation
4337394,30354,15/07/2024,2024-07-15 00:00:00,DATE_ONLY_ASSUMED_MIDNIGHT,LEVEL_1,HIGH,24h,24,2024-07-14 00:00:00,2024-07-15 00:00:00,Short-term warning
4337394,30354,15/07/2024,2024-07-15 00:00:00,DATE_ONLY_ASSUMED_MIDNIGHT,LEVEL_1,HIGH,12h,12,2024-07-14 12:00:00,2024-07-15 00:00:00,Operational alert horizon
4337394,30354,15/07/2024,2024-07-15 00:00:00,DATE_ONLY_ASSUMED_MIDNIGHT,LEVEL_1,HIGH,6h,6,2024-07-14 18:00:00,2024-07-15 00:00:00,Immediate warning
4337394,30354,15/07/2024,2024-07-15 00:00:00,DATE_ONLY_ASSUMED_MIDNIGHT,LEVEL_1,HIGH,1h,1,2024-07-14 23:00:00,2024-07-15 00:00:00,Near-failure behaviour
4315308,30514,04/07/2024,2024-07-04 00:00:00,DATE_ONLY_ASSUMED_MIDNIGHT,LEVEL_1,HIGH,7d,168,2024-06-27 00:00:00,2024-07-04 00:00:00,Long-term degradation
4315308,30514,04/07/2024,2024-07-04 00:00:00,DATE_ONLY_ASSUMED_MIDNIGHT,LEVEL_1,HIGH,3d,72,2024-07-01 00:00:00,2024-07-04 00:00:00,Medium-term degradation
4315308,30514,04/07/2024,2024-07-04 00:00:00,DATE_ONLY_ASSUMED_MIDNIGHT,LEVEL_1,HIGH,24h,24,2024-07-03 00:00:00,2024-07-04 00:00:00,Short-term warning
4315308,30514,04/07/2024,2024-07-04 00:00:00,DATE_ONLY_ASSUMED_MIDNIGHT,LEVEL_1,HIGH,12h,12,2024-07-03 12:00:00,2024-07-04 00:00:00,Operational alert horizon
4315308,30514,04/07/2024,2024-07-04 00:00:00,DATE_ONLY_ASSUMED_MIDNIGHT,LEVEL_1,HIGH,6h,6,2024-07-03 18:00:00,2024-07-04 00:00:00,Immediate warning
4315308,30514,04/07/2024,2024-07-04 00:00:00,DATE_ONLY_ASSUMED_MIDNIGHT,LEVEL_1,HIGH,1h,1,2024-07-03 23:00:00,2024-07-04 00:00:00,Near-failure behaviour
4306991,33700,29/06/2024,2024-06-29 00:00:00,DATE_ONLY_ASSUMED_MIDNIGHT,LEVEL_1,HIGH,7d,168,2024-06-22 00:00:00,2024-06-29 00:00:00,Long-term degradation
4306991,33700,29/06/2024,2024-06-29 00:00:00,DATE_ONLY_ASSUMED_MIDNIGHT,LEVEL_1,HIGH,3d,72,2024-06-26 00:00:00,2024-06-29 00:00:00,Medium-term degradation
4306991,33700,29/06/2024,2024-06-29 00:00:00,DATE_ONLY_ASSUMED_MIDNIGHT,LEVEL_1,HIGH,24h,24,2024-06-28 00:00:00,2024-06-29 00:00:00,Short-term warning
4306991,33700,29/06/2024,2024-06-29 00:00:00,DATE_ONLY_ASSUMED_MIDNIGHT,LEVEL_1,HIGH,12h,12,2024-06-28 12:00:00,2024-06-29 00:00:00,Operational alert horizon
4306991,33700,29/06/2024,2024-06-29 00:00:00,DATE_ONLY_ASSUMED_MIDNIGHT,LEVEL_1,HIGH,6h,6,2024-06-28 18:00:00,2024-06-29 00:00:00,Immediate warning
4306991,33700,29/06/2024,2024-06-29 00:00:00,DATE_ONLY_ASSUMED_MIDNIGHT,LEVEL_1,HIGH,1h,1,2024-06-28 23:00:00,2024-06-29 00:00:00,Near-failure behaviour
4305843,30320,29/06/2024,2024-06-29 00:00:00,DATE_ONLY_ASSUMED_MIDNIGHT,LEVEL_2,HIGH,7d,168,2024-06-22 00:00:00,2024-06-29 00:00:00,Long-term degradation
4305843,30320,29/06/2024,2024-06-29 00:00:00,DATE_ONLY_ASSUMED_MIDNIGHT,LEVEL_2,HIGH,3d,72,2024-06-26 00:00:00,2024-06-29 00:00:00,Medium-term degradation
4305843,30320,29/06/2024,2024-06-29 00:00:00,DATE_ONLY_ASSUMED_MIDNIGHT,LEVEL_2,HIGH,24h,24,2024-06-28 00:00:00,2024-06-29 00:00:00,Short-term warning
4305843,30320,29/06/2024,2024-06-29 00:00:00,DATE_ONLY_ASSUMED_MIDNIGHT,LEVEL_2,HIGH,12h,12,2024-06-28 12:00:00,2024-06-29 00:00:00,Operational alert horizon
4305843,30320,29/06/2024,2024-06-29 00:00:00,DATE_ONLY_ASSUMED_MIDNIGHT,LEVEL_2,HIGH,6h,6,2024-06-28 18:00:00,2024-06-29 00:00:00,Immediate warning
4305843,30320,29/06/2024,2024-06-29 00:00:00,DATE_ONLY_ASSUMED_MIDNIGHT,LEVEL_2,HIGH,1h,1,2024-06-28 23:00:00,2024-06-29 00:00:00,Near-failure behaviour
4297396,33696,24/06/2024,2024-06-24 00:00:00,DATE_ONLY_ASSUMED_MIDNIGHT,LEVEL_1,HIGH,7d,168,2024-06-17 00:00:00,2024-06-24 00:00:00,Long-term degradation
4297396,33696,24/06/2024,2024-06-24 00:00:00,DATE_ONLY_ASSUMED_MIDNIGHT,LEVEL_1,HIGH,3d,72,2024-06-21 00:00:00,2024-06-24 00:00:00,Medium-term degradation
4297396,33696,24/06/2024,2024-06-24 00:00:00,DATE_ONLY_ASSUMED_MIDNIGHT,LEVEL_1,HIGH,24h,24,2024-06-23 00:00:00,2024-06-24 00:00:00,Short-term warning
4297396,33696,24/06/2024,2024-06-24 00:00:00,DATE_ONLY_ASSUMED_MIDNIGHT,LEVEL_1,HIGH,12h,12,2024-06-23 12:00:00,2024-06-24 00:00:00,Operational alert horizon
4297396,33696,24/06/2024,2024-06-24 00:00:00,DATE_ONLY_ASSUMED_MIDNIGHT,LEVEL_1,HIGH,6h,6,2024-06-23 18:00:00,2024-06-24 00:00:00,Immediate warning
4297396,33696,24/06/2024,2024-06-24 00:00:00,DATE_ONLY_ASSUMED_MIDNIGHT,LEVEL_1,HIGH,1h,1,2024-06-23 23:00:00,2024-06-24 00:00:00,Near-failure behaviour
4293186,31327,22/06/2024,2024-06-22 00:00:00,DATE_ONLY_ASSUMED_MIDNIGHT,LEVEL_1,HIGH,7d,168,2024-06-15 00:00:00,2024-06-22 00:00:00,Long-term degradation
4293186,31327,22/06/2024,2024-06-22 00:00:00,DATE_ONLY_ASSUMED_MIDNIGHT,LEVEL_1,HIGH,3d,72,2024-06-19 00:00:00,2024-06-22 00:00:00,Medium-term degradation
4293186,31327,22/06/2024,2024-06-22 00:00:00,DATE_ONLY_ASSUMED_MIDNIGHT,LEVEL_1,HIGH,24h,24,2024-06-21 00:00:00,2024-06-22 00:00:00,Short-term warning
4293186,31327,22/06/2024,2024-06-22 00:00:00,DATE_ONLY_ASSUMED_MIDNIGHT,LEVEL_1,HIGH,12h,12,2024-06-21 12:00:00,2024-06-22 00:00:00,Operational alert horizon
4293186,31327,22/06/2024,2024-06-22 00:00:00,DATE_ONLY_ASSUMED_MIDNIGHT,LEVEL_1,HIGH,6h,6,2024-06-21 18:00:00,2024-06-22 00:00:00,Immediate warning
4293186,31327,22/06/2024,2024-06-22 00:00:00,DATE_ONLY_ASSUMED_MIDNIGHT,LEVEL_1,HIGH,1h,1,2024-06-21 23:00:00,2024-06-22 00:00:00,Near-failure behaviour
4276998,30486,14/06/2024,2024-06-14 00:00:00,DATE_ONLY_ASSUMED_MIDNIGHT,LEVEL_1,HIGH,7d,168,2024-06-07 00:00:00,2024-06-14 00:00:00,Long-term degradation
4276998,30486,14/06/2024,2024-06-14 00:00:00,DATE_ONLY_ASSUMED_MIDNIGHT,LEVEL_1,HIGH,3d,72,2024-06-11 00:00:00,2024-06-14 00:00:00,Medium-term degradation
4276998,30486,14/06/2024,2024-06-14 00:00:00,DATE_ONLY_ASSUMED_MIDNIGHT,LEVEL_1,HIGH,24h,24,2024-06-13 00:00:00,2024-06-14 00:00:00,Short-term warning
4276998,30486,14/06/2024,2024-06-14 00:00:00,DATE_ONLY_ASSUMED_MIDNIGHT,LEVEL_1,HIGH,12h,12,2024-06-13 12:00:00,2024-06-14 00:00:00,Operational alert horizon
4276998,30486,14/06/2024,2024-06-14 00:00:00,DATE_ONLY_ASSUMED_MIDNIGHT,LEVEL_1,HIGH,6h,6,2024-06-13 18:00:00,2024-06-14 00:00:00,Immediate warning
4276998,30486,14/06/2024,2024-06-14 00:00:00,DATE_ONLY_ASSUMED_MIDNIGHT,LEVEL_1,HIGH,1h,1,2024-06-13 23:00:00,2024-06-14 00:00:00,Near-failure behaviour
4275730,32206,13/06/2024,2024-06-13 00:00:00,DATE_ONLY_ASSUMED_MIDNIGHT,LEVEL_2,HIGH,7d,168,2024-06-06 00:00:00,2024-06-13 00:00:00,Long-term degradation
4275730,32206,13/06/2024,2024-06-13 00:00:00,DATE_ONLY_ASSUMED_MIDNIGHT,LEVEL_2,HIGH,3d,72,2024-06-10 00:00:00,2024-06-13 00:00:00,Medium-term degradation
4275730,32206,13/06/2024,2024-06-13 00:00:00,DATE_ONLY_ASSUMED_MIDNIGHT,LEVEL_2,HIGH,24h,24,2024-06-12 00:00:00,2024-06-13 00:00:00,Short-term warning
4275730,32206,13/06/2024,2024-06-13 00:00:00,DATE_ONLY_ASSUMED_MIDNIGHT,LEVEL_2,HIGH,12h,12,2024-06-12 12:00:00,2024-06-13 00:00:00,Operational alert horizon
4275730,32206,13/06/2024,2024-06-13 00:00:00,DATE_ONLY_ASSUMED_MIDNIGHT,LEVEL_2,HIGH,6h,6,2024-06-12 18:00:00,2024-06-13 00:00:00,Immediate warning
4275730,32206,13/06/2024,2024-06-13 00:00:00,DATE_ONLY_ASSUMED_MIDNIGHT,LEVEL_2,HIGH,1h,1,2024-06-12 23:00:00,2024-06-13 00:00:00,Near-failure behaviour
4264915,39119,08/06/2024,2024-06-08 00:00:00,DATE_ONLY_ASSUMED_MIDNIGHT,LEVEL_2,HIGH,7d,168,2024-06-01 00:00:00,2024-06-08 00:00:00,Long-term degradation
4264915,39119,08/06/2024,2024-06-08 00:00:00,DATE_ONLY_ASSUMED_MIDNIGHT,LEVEL_2,HIGH,3d,72,2024-06-05 00:00:00,2024-06-08 00:00:00,Medium-term degradation
4264915,39119,08/06/2024,2024-06-08 00:00:00,DATE_ONLY_ASSUMED_MIDNIGHT,LEVEL_2,HIGH,24h,24,2024-06-07 00:00:00,2024-06-08 00:00:00,Short-term warning
4264915,39119,08/06/2024,2024-06-08 00:00:00,DATE_ONLY_ASSUMED_MIDNIGHT,LEVEL_2,HIGH,12h,12,2024-06-07 12:00:00,2024-06-08 00:00:00,Operational alert horizon
4264915,39119,08/06/2024,2024-06-08 00:00:00,DATE_ONLY_ASSUMED_MIDNIGHT,LEVEL_2,HIGH,6h,6,2024-06-07 18:00:00,2024-06-08 00:00:00,Immediate warning
4264915,39119,08/06/2024,2024-06-08 00:00:00,DATE_ONLY_ASSUMED_MIDNIGHT,LEVEL_2,HIGH,1h,1,2024-06-07 23:00:00,2024-06-08 00:00:00,Near-failure behaviour
4264866,31073,08/06/2024,2024-06-08 00:00:00,DATE_ONLY_ASSUMED_MIDNIGHT,LEVEL_1,HIGH,7d,168,2024-06-01 00:00:00,2024-06-08 00:00:00,Long-term degradation
4264866,31073,08/06/2024,2024-06-08 00:00:00,DATE_ONLY_ASSUMED_MIDNIGHT,LEVEL_1,HIGH,3d,72,2024-06-05 00:00:00,2024-06-08 00:00:00,Medium-term degradation
4264866,31073,08/06/2024,2024-06-08 00:00:00,DATE_ONLY_ASSUMED_MIDNIGHT,LEVEL_1,HIGH,24h,24,2024-06-07 00:00:00,2024-06-08 00:00:00,Short-term warning
4264866,31073,08/06/2024,2024-06-08 00:00:00,DATE_ONLY_ASSUMED_MIDNIGHT,LEVEL_1,HIGH,12h,12,2024-06-07 12:00:00,2024-06-08 00:00:00,Operational alert horizon
4264866,31073,08/06/2024,2024-06-08 00:00:00,DATE_ONLY_ASSUMED_MIDNIGHT,LEVEL_1,HIGH,6h,6,2024-06-07 18:00:00,2024-06-08 00:00:00,Immediate warning
4264866,31073,08/06/2024,2024-06-08 00:00:00,DATE_ONLY_ASSUMED_MIDNIGHT,LEVEL_1,HIGH,1h,1,2024-06-07 23:00:00,2024-06-08 00:00:00,Near-failure behaviour
4264469,30583,07/06/2024,2024-06-07 00:00:00,DATE_ONLY_ASSUMED_MIDNIGHT,LEVEL_2,HIGH,7d,168,2024-05-31 00:00:00,2024-06-07 00:00:00,Long-term degradation
4264469,30583,07/06/2024,2024-06-07 00:00:00,DATE_ONLY_ASSUMED_MIDNIGHT,LEVEL_2,HIGH,3d,72,2024-06-04 00:00:00,2024-06-07 00:00:00,Medium-term degradation
4264469,30583,07/06/2024,2024-06-07 00:00:00,DATE_ONLY_ASSUMED_MIDNIGHT,LEVEL_2,HIGH,24h,24,2024-06-06 00:00:00,2024-06-07 00:00:00,Short-term warning
4264469,30583,07/06/2024,2024-06-07 00:00:00,DATE_ONLY_ASSUMED_MIDNIGHT,LEVEL_2,HIGH,12h,12,2024-06-06 12:00:00,2024-06-07 00:00:00,Operational alert horizon
4264469,30583,07/06/2024,2024-06-07 00:00:00,DATE_ONLY_ASSUMED_MIDNIGHT,LEVEL_2,HIGH,6h,6,2024-06-06 18:00:00,2024-06-07 00:00:00,Immediate warning
4264469,30583,07/06/2024,2024-06-07 00:00:00,DATE_ONLY_ASSUMED_MIDNIGHT,LEVEL_2,HIGH,1h,1,2024-06-06 23:00:00,2024-06-07 00:00:00,Near-failure behaviour
4258376,30632,04/06/2024,2024-06-04 00:00:00,DATE_ONLY_ASSUMED_MIDNIGHT,LEVEL_1,HIGH,7d,168,2024-05-28 00:00:00,2024-06-04 00:00:00,Long-term degradation
4258376,30632,04/06/2024,2024-06-04 00:00:00,DATE_ONLY_ASSUMED_MIDNIGHT,LEVEL_1,HIGH,3d,72,2024-06-01 00:00:00,2024-06-04 00:00:00,Medium-term degradation
4258376,30632,04/06/2024,2024-06-04 00:00:00,DATE_ONLY_ASSUMED_MIDNIGHT,LEVEL_1,HIGH,24h,24,2024-06-03 00:00:00,2024-06-04 00:00:00,Short-term warning
4258376,30632,04/06/2024,2024-06-04 00:00:00,DATE_ONLY_ASSUMED_MIDNIGHT,LEVEL_1,HIGH,12h,12,2024-06-03 12:00:00,2024-06-04 00:00:00,Operational alert horizon
4258376,30632,04/06/2024,2024-06-04 00:00:00,DATE_ONLY_ASSUMED_MIDNIGHT,LEVEL_1,HIGH,6h,6,2024-06-03 18:00:00,2024-06-04 00:00:00,Immediate warning
4258376,30632,04/06/2024,2024-06-04 00:00:00,DATE_ONLY_ASSUMED_MIDNIGHT,LEVEL_1,HIGH,1h,1,2024-06-03 23:00:00,2024-06-04 00:00:00,Near-failure behaviour
4252808,31038,01/06/2024,2024-06-01 00:00:00,DATE_ONLY_ASSUMED_MIDNIGHT,LEVEL_2,HIGH,7d,168,2024-05-25 00:00:00,2024-06-01 00:00:00,Long-term degradation
4252808,31038,01/06/2024,2024-06-01 00:00:00,DATE_ONLY_ASSUMED_MIDNIGHT,LEVEL_2,HIGH,3d,72,2024-05-29 00:00:00,2024-06-01 00:00:00,Medium-term degradation
4252808,31038,01/06/2024,2024-06-01 00:00:00,DATE_ONLY_ASSUMED_MIDNIGHT,LEVEL_2,HIGH,24h,24,2024-05-31 00:00:00,2024-06-01 00:00:00,Short-term warning
4252808,31038,01/06/2024,2024-06-01 00:00:00,DATE_ONLY_ASSUMED_MIDNIGHT,LEVEL_2,HIGH,12h,12,2024-05-31 12:00:00,2024-06-01 00:00:00,Operational alert horizon
4252808,31038,01/06/2024,2024-06-01 00:00:00,DATE_ONLY_ASSUMED_MIDNIGHT,LEVEL_2,HIGH,6h,6,2024-05-31 18:00:00,2024-06-01 00:00:00,Immediate warning
4252808,31038,01/06/2024,2024-06-01 00:00:00,DATE_ONLY_ASSUMED_MIDNIGHT,LEVEL_2,HIGH,1h,1,2024-05-31 23:00:00,2024-06-01 00:00:00,Near-failure behaviour
4247443,37353,30/05/2024,2024-05-30 00:00:00,DATE_ONLY_ASSUMED_MIDNIGHT,LEVEL_1,HIGH,7d,168,2024-05-23 00:00:00,2024-05-30 00:00:00,Long-term degradation
4247443,37353,30/05/2024,2024-05-30 00:00:00,DATE_ONLY_ASSUMED_MIDNIGHT,LEVEL_1,HIGH,3d,72,2024-05-27 00:00:00,2024-05-30 00:00:00,Medium-term degradation
4247443,37353,30/05/2024,2024-05-30 00:00:00,DATE_ONLY_ASSUMED_MIDNIGHT,LEVEL_1,HIGH,24h,24,2024-05-29 00:00:00,2024-05-30 00:00:00,Short-term warning
4247443,37353,30/05/2024,2024-05-30 00:00:00,DATE_ONLY_ASSUMED_MIDNIGHT,LEVEL_1,HIGH,12h,12,2024-05-29 12:00:00,2024-05-30 00:00:00,Operational alert horizon
4247443,37353,30/05/2024,2024-05-30 00:00:00,DATE_ONLY_ASSUMED_MIDNIGHT,LEVEL_1,HIGH,6h,6,2024-05-29 18:00:00,2024-05-30 00:00:00,Immediate warning
4247443,37353,30/05/2024,2024-05-30 00:00:00,DATE_ONLY_ASSUMED_MIDNIGHT,LEVEL_1,HIGH,1h,1,2024-05-29 23:00:00,2024-05-30 00:00:00,Near-failure behaviour
4247219,33038,29/05/2024,2024-05-29 00:00:00,DATE_ONLY_ASSUMED_MIDNIGHT,LEVEL_1,HIGH,7d,168,2024-05-22 00:00:00,2024-05-29 00:00:00,Long-term degradation
4247219,33038,29/05/2024,2024-05-29 00:00:00,DATE_ONLY_ASSUMED_MIDNIGHT,LEVEL_1,HIGH,3d,72,2024-05-26 00:00:00,2024-05-29 00:00:00,Medium-term degradation
4247219,33038,29/05/2024,2024-05-29 00:00:00,DATE_ONLY_ASSUMED_MIDNIGHT,LEVEL_1,HIGH,24h,24,2024-05-28 00:00:00,2024-05-29 00:00:00,Short-term warning
4247219,33038,29/05/2024,2024-05-29 00:00:00,DATE_ONLY_ASSUMED_MIDNIGHT,LEVEL_1,HIGH,12h,12,2024-05-28 12:00:00,2024-05-29 00:00:00,Operational alert horizon
4247219,33038,29/05/2024,2024-05-29 00:00:00,DATE_ONLY_ASSUMED_MIDNIGHT,LEVEL_1,HIGH,6h,6,2024-05-28 18:00:00,2024-05-29 00:00:00,Immediate warning
4247219,33038,29/05/2024,2024-05-29 00:00:00,DATE_ONLY_ASSUMED_MIDNIGHT,LEVEL_1,HIGH,1h,1,2024-05-28 23:00:00,2024-05-29 00:00:00,Near-failure behaviour
4246013,31103,29/05/2024,2024-05-29 00:00:00,DATE_ONLY_ASSUMED_MIDNIGHT,LEVEL_1,HIGH,7d,168,2024-05-22 00:00:00,2024-05-29 00:00:00,Long-term degradation
4246013,31103,29/05/2024,2024-05-29 00:00:00,DATE_ONLY_ASSUMED_MIDNIGHT,LEVEL_1,HIGH,3d,72,2024-05-26 00:00:00,2024-05-29 00:00:00,Medium-term degradation
4246013,31103,29/05/2024,2024-05-29 00:00:00,DATE_ONLY_ASSUMED_MIDNIGHT,LEVEL_1,HIGH,24h,24,2024-05-28 00:00:00,2024-05-29 00:00:00,Short-term warning
4246013,31103,29/05/2024,2024-05-29 00:00:00,DATE_ONLY_ASSUMED_MIDNIGHT,LEVEL_1,HIGH,12h,12,2024-05-28 12:00:00,2024-05-29 00:00:00,Operational alert horizon
4246013,31103,29/05/2024,2024-05-29 00:00:00,DATE_ONLY_ASSUMED_MIDNIGHT,LEVEL_1,HIGH,6h,6,2024-05-28 18:00:00,2024-05-29 00:00:00,Immediate warning
4246013,31103,29/05/2024,2024-05-29 00:00:00,DATE_ONLY_ASSUMED_MIDNIGHT,LEVEL_1,HIGH,1h,1,2024-05-28 23:00:00,2024-05-29 00:00:00,Near-failure behaviour
4237983,32134,25/05/2024,2024-05-25 00:00:00,DATE_ONLY_ASSUMED_MIDNIGHT,LEVEL_1,HIGH,7d,168,2024-05-18 00:00:00,2024-05-25 00:00:00,Long-term degradation
4237983,32134,25/05/2024,2024-05-25 00:00:00,DATE_ONLY_ASSUMED_MIDNIGHT,LEVEL_1,HIGH,3d,72,2024-05-22 00:00:00,2024-05-25 00:00:00,Medium-term degradation
4237983,32134,25/05/2024,2024-05-25 00:00:00,DATE_ONLY_ASSUMED_MIDNIGHT,LEVEL_1,HIGH,24h,24,2024-05-24 00:00:00,2024-05-25 00:00:00,Short-term warning
4237983,32134,25/05/2024,2024-05-25 00:00:00,DATE_ONLY_ASSUMED_MIDNIGHT,LEVEL_1,HIGH,12h,12,2024-05-24 12:00:00,2024-05-25 00:00:00,Operational alert horizon
4237983,32134,25/05/2024,2024-05-25 00:00:00,DATE_ONLY_ASSUMED_MIDNIGHT,LEVEL_1,HIGH,6h,6,2024-05-24 18:00:00,2024-05-25 00:00:00,Immediate warning
4237983,32134,25/05/2024,2024-05-25 00:00:00,DATE_ONLY_ASSUMED_MIDNIGHT,LEVEL_1,HIGH,1h,1,2024-05-24 23:00:00,2024-05-25 00:00:00,Near-failure behaviour
4227199,30507,20/05/2024,2024-05-20 00:00:00,DATE_ONLY_ASSUMED_MIDNIGHT,LEVEL_2,HIGH,7d,168,2024-05-13 00:00:00,2024-05-20 00:00:00,Long-term degradation
4227199,30507,20/05/2024,2024-05-20 00:00:00,DATE_ONLY_ASSUMED_MIDNIGHT,LEVEL_2,HIGH,3d,72,2024-05-17 00:00:00,2024-05-20 00:00:00,Medium-term degradation
4227199,30507,20/05/2024,2024-05-20 00:00:00,DATE_ONLY_ASSUMED_MIDNIGHT,LEVEL_2,HIGH,24h,24,2024-05-19 00:00:00,2024-05-20 00:00:00,Short-term warning
4227199,30507,20/05/2024,2024-05-20 00:00:00,DATE_ONLY_ASSUMED_MIDNIGHT,LEVEL_2,HIGH,12h,12,2024-05-19 12:00:00,2024-05-20 00:00:00,Operational alert horizon
4227199,30507,20/05/2024,2024-05-20 00:00:00,DATE_ONLY_ASSUMED_MIDNIGHT,LEVEL_2,HIGH,6h,6,2024-05-19 18:00:00,2024-05-20 00:00:00,Immediate warning
4227199,30507,20/05/2024,2024-05-20 00:00:00,DATE_ONLY_ASSUMED_MIDNIGHT,LEVEL_2,HIGH,1h,1,2024-05-19 23:00:00,2024-05-20 00:00:00,Near-failure behaviour
4223199,37491,17/05/2024,2024-05-17 00:00:00,DATE_ONLY_ASSUMED_MIDNIGHT,LEVEL_1,HIGH,7d,168,2024-05-10 00:00:00,2024-05-17 00:00:00,Long-term degradation
4223199,37491,17/05/2024,2024-05-17 00:00:00,DATE_ONLY_ASSUMED_MIDNIGHT,LEVEL_1,HIGH,3d,72,2024-05-14 00:00:00,2024-05-17 00:00:00,Medium-term degradation
4223199,37491,17/05/2024,2024-05-17 00:00:00,DATE_ONLY_ASSUMED_MIDNIGHT,LEVEL_1,HIGH,24h,24,2024-05-16 00:00:00,2024-05-17 00:00:00,Short-term warning
4223199,37491,17/05/2024,2024-05-17 00:00:00,DATE_ONLY_ASSUMED_MIDNIGHT,LEVEL_1,HIGH,12h,12,2024-05-16 12:00:00,2024-05-17 00:00:00,Operational alert horizon
4223199,37491,17/05/2024,2024-05-17 00:00:00,DATE_ONLY_ASSUMED_MIDNIGHT,LEVEL_1,HIGH,6h,6,2024-05-16 18:00:00,2024-05-17 00:00:00,Immediate warning
4223199,37491,17/05/2024,2024-05-17 00:00:00,DATE_ONLY_ASSUMED_MIDNIGHT,LEVEL_1,HIGH,1h,1,2024-05-16 23:00:00,2024-05-17 00:00:00,Near-failure behaviour
4213883,33042,12/05/2024,2024-05-12 00:00:00,DATE_ONLY_ASSUMED_MIDNIGHT,LEVEL_2,HIGH,7d,168,2024-05-05 00:00:00,2024-05-12 00:00:00,Long-term degradation
4213883,33042,12/05/2024,2024-05-12 00:00:00,DATE_ONLY_ASSUMED_MIDNIGHT,LEVEL_2,HIGH,3d,72,2024-05-09 00:00:00,2024-05-12 00:00:00,Medium-term degradation
4213883,33042,12/05/2024,2024-05-12 00:00:00,DATE_ONLY_ASSUMED_MIDNIGHT,LEVEL_2,HIGH,24h,24,2024-05-11 00:00:00,2024-05-12 00:00:00,Short-term warning
4213883,33042,12/05/2024,2024-05-12 00:00:00,DATE_ONLY_ASSUMED_MIDNIGHT,LEVEL_2,HIGH,12h,12,2024-05-11 12:00:00,2024-05-12 00:00:00,Operational alert horizon
4213883,33042,12/05/2024,2024-05-12 00:00:00,DATE_ONLY_ASSUMED_MIDNIGHT,LEVEL_2,HIGH,6h,6,2024-05-11 18:00:00,2024-05-12 00:00:00,Immediate warning
4213883,33042,12/05/2024,2024-05-12 00:00:00,DATE_ONLY_ASSUMED_MIDNIGHT,LEVEL_2,HIGH,1h,1,2024-05-11 23:00:00,2024-05-12 00:00:00,Near-failure behaviour
4199130,32004,04/05/2024,2024-05-04 00:00:00,DATE_ONLY_ASSUMED_MIDNIGHT,LEVEL_1,HIGH,7d,168,2024-04-27 00:00:00,2024-05-04 00:00:00,Long-term degradation
4199130,32004,04/05/2024,2024-05-04 00:00:00,DATE_ONLY_ASSUMED_MIDNIGHT,LEVEL_1,HIGH,3d,72,2024-05-01 00:00:00,2024-05-04 00:00:00,Medium-term degradation
4199130,32004,04/05/2024,2024-05-04 00:00:00,DATE_ONLY_ASSUMED_MIDNIGHT,LEVEL_1,HIGH,24h,24,2024-05-03 00:00:00,2024-05-04 00:00:00,Short-term warning
4199130,32004,04/05/2024,2024-05-04 00:00:00,DATE_ONLY_ASSUMED_MIDNIGHT,LEVEL_1,HIGH,12h,12,2024-05-03 12:00:00,2024-05-04 00:00:00,Operational alert horizon
4199130,32004,04/05/2024,2024-05-04 00:00:00,DATE_ONLY_ASSUMED_MIDNIGHT,LEVEL_1,HIGH,6h,6,2024-05-03 18:00:00,2024-05-04 00:00:00,Immediate warning
4199130,32004,04/05/2024,2024-05-04 00:00:00,DATE_ONLY_ASSUMED_MIDNIGHT,LEVEL_1,HIGH,1h,1,2024-05-03 23:00:00,2024-05-04 00:00:00,Near-failure behaviour
4192769,32441,01/05/2024,2024-05-01 00:00:00,DATE_ONLY_ASSUMED_MIDNIGHT,LEVEL_2,HIGH,7d,168,2024-04-24 00:00:00,2024-05-01 00:00:00,Long-term degradation
4192769,32441,01/05/2024,2024-05-01 00:00:00,DATE_ONLY_ASSUMED_MIDNIGHT,LEVEL_2,HIGH,3d,72,2024-04-28 00:00:00,2024-05-01 00:00:00,Medium-term degradation
4192769,32441,01/05/2024,2024-05-01 00:00:00,DATE_ONLY_ASSUMED_MIDNIGHT,LEVEL_2,HIGH,24h,24,2024-04-30 00:00:00,2024-05-01 00:00:00,Short-term warning
4192769,32441,01/05/2024,2024-05-01 00:00:00,DATE_ONLY_ASSUMED_MIDNIGHT,LEVEL_2,HIGH,12h,12,2024-04-30 12:00:00,2024-05-01 00:00:00,Operational alert horizon
4192769,32441,01/05/2024,2024-05-01 00:00:00,DATE_ONLY_ASSUMED_MIDNIGHT,LEVEL_2,HIGH,6h,6,2024-04-30 18:00:00,2024-05-01 00:00:00,Immediate warning
4192769,32441,01/05/2024,2024-05-01 00:00:00,DATE_ONLY_ASSUMED_MIDNIGHT,LEVEL_2,HIGH,1h,1,2024-04-30 23:00:00,2024-05-01 00:00:00,Near-failure behaviour
4190943,37118,30/04/2024,2024-04-30 00:00:00,DATE_ONLY_ASSUMED_MIDNIGHT,LEVEL_1,HIGH,7d,168,2024-04-23 00:00:00,2024-04-30 00:00:00,Long-term degradation
4190943,37118,30/04/2024,2024-04-30 00:00:00,DATE_ONLY_ASSUMED_MIDNIGHT,LEVEL_1,HIGH,3d,72,2024-04-27 00:00:00,2024-04-30 00:00:00,Medium-term degradation
4190943,37118,30/04/2024,2024-04-30 00:00:00,DATE_ONLY_ASSUMED_MIDNIGHT,LEVEL_1,HIGH,24h,24,2024-04-29 00:00:00,2024-04-30 00:00:00,Short-term warning
4190943,37118,30/04/2024,2024-04-30 00:00:00,DATE_ONLY_ASSUMED_MIDNIGHT,LEVEL_1,HIGH,12h,12,2024-04-29 12:00:00,2024-04-30 00:00:00,Operational alert horizon
4190943,37118,30/04/2024,2024-04-30 00:00:00,DATE_ONLY_ASSUMED_MIDNIGHT,LEVEL_1,HIGH,6h,6,2024-04-29 18:00:00,2024-04-30 00:00:00,Immediate warning
4190943,37118,30/04/2024,2024-04-30 00:00:00,DATE_ONLY_ASSUMED_MIDNIGHT,LEVEL_1,HIGH,1h,1,2024-04-29 23:00:00,2024-04-30 00:00:00,Near-failure behaviour
4186531,39208,27/04/2024,2024-04-27 00:00:00,DATE_ONLY_ASSUMED_MIDNIGHT,LEVEL_1,HIGH,7d,168,2024-04-20 00:00:00,2024-04-27 00:00:00,Long-term degradation
4186531,39208,27/04/2024,2024-04-27 00:00:00,DATE_ONLY_ASSUMED_MIDNIGHT,LEVEL_1,HIGH,3d,72,2024-04-24 00:00:00,2024-04-27 00:00:00,Medium-term degradation
4186531,39208,27/04/2024,2024-04-27 00:00:00,DATE_ONLY_ASSUMED_MIDNIGHT,LEVEL_1,HIGH,24h,24,2024-04-26 00:00:00,2024-04-27 00:00:00,Short-term warning
4186531,39208,27/04/2024,2024-04-27 00:00:00,DATE_ONLY_ASSUMED_MIDNIGHT,LEVEL_1,HIGH,12h,12,2024-04-26 12:00:00,2024-04-27 00:00:00,Operational alert horizon
4186531,39208,27/04/2024,2024-04-27 00:00:00,DATE_ONLY_ASSUMED_MIDNIGHT,LEVEL_1,HIGH,6h,6,2024-04-26 18:00:00,2024-04-27 00:00:00,Immediate warning
4186531,39208,27/04/2024,2024-04-27 00:00:00,DATE_ONLY_ASSUMED_MIDNIGHT,LEVEL_1,HIGH,1h,1,2024-04-26 23:00:00,2024-04-27 00:00:00,Near-failure behaviour
4184023,31032,26/04/2024,2024-04-26 00:00:00,DATE_ONLY_ASSUMED_MIDNIGHT,LEVEL_1,HIGH,7d,168,2024-04-19 00:00:00,2024-04-26 00:00:00,Long-term degradation
4184023,31032,26/04/2024,2024-04-26 00:00:00,DATE_ONLY_ASSUMED_MIDNIGHT,LEVEL_1,HIGH,3d,72,2024-04-23 00:00:00,2024-04-26 00:00:00,Medium-term degradation
4184023,31032,26/04/2024,2024-04-26 00:00:00,DATE_ONLY_ASSUMED_MIDNIGHT,LEVEL_1,HIGH,24h,24,2024-04-25 00:00:00,2024-04-26 00:00:00,Short-term warning
4184023,31032,26/04/2024,2024-04-26 00:00:00,DATE_ONLY_ASSUMED_MIDNIGHT,LEVEL_1,HIGH,12h,12,2024-04-25 12:00:00,2024-04-26 00:00:00,Operational alert horizon
4184023,31032,26/04/2024,2024-04-26 00:00:00,DATE_ONLY_ASSUMED_MIDNIGHT,LEVEL_1,HIGH,6h,6,2024-04-25 18:00:00,2024-04-26 00:00:00,Immediate warning
4184023,31032,26/04/2024,2024-04-26 00:00:00,DATE_ONLY_ASSUMED_MIDNIGHT,LEVEL_1,HIGH,1h,1,2024-04-25 23:00:00,2024-04-26 00:00:00,Near-failure behaviour
4181276,32527,24/04/2024,2024-04-24 00:00:00,DATE_ONLY_ASSUMED_MIDNIGHT,LEVEL_2,HIGH,7d,168,2024-04-17 00:00:00,2024-04-24 00:00:00,Long-term degradation
4181276,32527,24/04/2024,2024-04-24 00:00:00,DATE_ONLY_ASSUMED_MIDNIGHT,LEVEL_2,HIGH,3d,72,2024-04-21 00:00:00,2024-04-24 00:00:00,Medium-term degradation
4181276,32527,24/04/2024,2024-04-24 00:00:00,DATE_ONLY_ASSUMED_MIDNIGHT,LEVEL_2,HIGH,24h,24,2024-04-23 00:00:00,2024-04-24 00:00:00,Short-term warning
4181276,32527,24/04/2024,2024-04-24 00:00:00,DATE_ONLY_ASSUMED_MIDNIGHT,LEVEL_2,HIGH,12h,12,2024-04-23 12:00:00,2024-04-24 00:00:00,Operational alert horizon
4181276,32527,24/04/2024,2024-04-24 00:00:00,DATE_ONLY_ASSUMED_MIDNIGHT,LEVEL_2,HIGH,6h,6,2024-04-23 18:00:00,2024-04-24 00:00:00,Immediate warning
4181276,32527,24/04/2024,2024-04-24 00:00:00,DATE_ONLY_ASSUMED_MIDNIGHT,LEVEL_2,HIGH,1h,1,2024-04-23 23:00:00,2024-04-24 00:00:00,Near-failure behaviour
4178149,37271,23/04/2024,2024-04-23 00:00:00,DATE_ONLY_ASSUMED_MIDNIGHT,LEVEL_2,HIGH,7d,168,2024-04-16 00:00:00,2024-04-23 00:00:00,Long-term degradation
4178149,37271,23/04/2024,2024-04-23 00:00:00,DATE_ONLY_ASSUMED_MIDNIGHT,LEVEL_2,HIGH,3d,72,2024-04-20 00:00:00,2024-04-23 00:00:00,Medium-term degradation
4178149,37271,23/04/2024,2024-04-23 00:00:00,DATE_ONLY_ASSUMED_MIDNIGHT,LEVEL_2,HIGH,24h,24,2024-04-22 00:00:00,2024-04-23 00:00:00,Short-term warning
4178149,37271,23/04/2024,2024-04-23 00:00:00,DATE_ONLY_ASSUMED_MIDNIGHT,LEVEL_2,HIGH,12h,12,2024-04-22 12:00:00,2024-04-23 00:00:00,Operational alert horizon
4178149,37271,23/04/2024,2024-04-23 00:00:00,DATE_ONLY_ASSUMED_MIDNIGHT,LEVEL_2,HIGH,6h,6,2024-04-22 18:00:00,2024-04-23 00:00:00,Immediate warning
4178149,37271,23/04/2024,2024-04-23 00:00:00,DATE_ONLY_ASSUMED_MIDNIGHT,LEVEL_2,HIGH,1h,1,2024-04-22 23:00:00,2024-04-23 00:00:00,Near-failure behaviour
4159690,33574,13/04/2024,2024-04-13 00:00:00,DATE_ONLY_ASSUMED_MIDNIGHT,LEVEL_1,HIGH,7d,168,2024-04-06 00:00:00,2024-04-13 00:00:00,Long-term degradation
4159690,33574,13/04/2024,2024-04-13 00:00:00,DATE_ONLY_ASSUMED_MIDNIGHT,LEVEL_1,HIGH,3d,72,2024-04-10 00:00:00,2024-04-13 00:00:00,Medium-term degradation
4159690,33574,13/04/2024,2024-04-13 00:00:00,DATE_ONLY_ASSUMED_MIDNIGHT,LEVEL_1,HIGH,24h,24,2024-04-12 00:00:00,2024-04-13 00:00:00,Short-term warning
4159690,33574,13/04/2024,2024-04-13 00:00:00,DATE_ONLY_ASSUMED_MIDNIGHT,LEVEL_1,HIGH,12h,12,2024-04-12 12:00:00,2024-04-13 00:00:00,Operational alert horizon
4159690,33574,13/04/2024,2024-04-13 00:00:00,DATE_ONLY_ASSUMED_MIDNIGHT,LEVEL_1,HIGH,6h,6,2024-04-12 18:00:00,2024-04-13 00:00:00,Immediate warning
4159690,33574,13/04/2024,2024-04-13 00:00:00,DATE_ONLY_ASSUMED_MIDNIGHT,LEVEL_1,HIGH,1h,1,2024-04-12 23:00:00,2024-04-13 00:00:00,Near-failure behaviour
4145344,30532,04/04/2024,2024-04-04 00:00:00,DATE_ONLY_ASSUMED_MIDNIGHT,LEVEL_1,HIGH,7d,168,2024-03-28 00:00:00,2024-04-04 00:00:00,Long-term degradation
4145344,30532,04/04/2024,2024-04-04 00:00:00,DATE_ONLY_ASSUMED_MIDNIGHT,LEVEL_1,HIGH,3d,72,2024-04-01 00:00:00,2024-04-04 00:00:00,Medium-term degradation
4145344,30532,04/04/2024,2024-04-04 00:00:00,DATE_ONLY_ASSUMED_MIDNIGHT,LEVEL_1,HIGH,24h,24,2024-04-03 00:00:00,2024-04-04 00:00:00,Short-term warning
4145344,30532,04/04/2024,2024-04-04 00:00:00,DATE_ONLY_ASSUMED_MIDNIGHT,LEVEL_1,HIGH,12h,12,2024-04-03 12:00:00,2024-04-04 00:00:00,Operational alert horizon
4145344,30532,04/04/2024,2024-04-04 00:00:00,DATE_ONLY_ASSUMED_MIDNIGHT,LEVEL_1,HIGH,6h,6,2024-04-03 18:00:00,2024-04-04 00:00:00,Immediate warning
4145344,30532,04/04/2024,2024-04-04 00:00:00,DATE_ONLY_ASSUMED_MIDNIGHT,LEVEL_1,HIGH,1h,1,2024-04-03 23:00:00,2024-04-04 00:00:00,Near-failure behaviour
4143364,33666,03/04/2024,2024-04-03 00:00:00,DATE_ONLY_ASSUMED_MIDNIGHT,LEVEL_2,HIGH,7d,168,2024-03-27 00:00:00,2024-04-03 00:00:00,Long-term degradation
4143364,33666,03/04/2024,2024-04-03 00:00:00,DATE_ONLY_ASSUMED_MIDNIGHT,LEVEL_2,HIGH,3d,72,2024-03-31 00:00:00,2024-04-03 00:00:00,Medium-term degradation
4143364,33666,03/04/2024,2024-04-03 00:00:00,DATE_ONLY_ASSUMED_MIDNIGHT,LEVEL_2,HIGH,24h,24,2024-04-02 00:00:00,2024-04-03 00:00:00,Short-term warning
4143364,33666,03/04/2024,2024-04-03 00:00:00,DATE_ONLY_ASSUMED_MIDNIGHT,LEVEL_2,HIGH,12h,12,2024-04-02 12:00:00,2024-04-03 00:00:00,Operational alert horizon
4143364,33666,03/04/2024,2024-04-03 00:00:00,DATE_ONLY_ASSUMED_MIDNIGHT,LEVEL_2,HIGH,6h,6,2024-04-02 18:00:00,2024-04-03 00:00:00,Immediate warning
4143364,33666,03/04/2024,2024-04-03 00:00:00,DATE_ONLY_ASSUMED_MIDNIGHT,LEVEL_2,HIGH,1h,1,2024-04-02 23:00:00,2024-04-03 00:00:00,Near-failure behaviour
4143523,31057,03/04/2024,2024-04-03 00:00:00,DATE_ONLY_ASSUMED_MIDNIGHT,LEVEL_1,HIGH,7d,168,2024-03-27 00:00:00,2024-04-03 00:00:00,Long-term degradation
4143523,31057,03/04/2024,2024-04-03 00:00:00,DATE_ONLY_ASSUMED_MIDNIGHT,LEVEL_1,HIGH,3d,72,2024-03-31 00:00:00,2024-04-03 00:00:00,Medium-term degradation
4143523,31057,03/04/2024,2024-04-03 00:00:00,DATE_ONLY_ASSUMED_MIDNIGHT,LEVEL_1,HIGH,24h,24,2024-04-02 00:00:00,2024-04-03 00:00:00,Short-term warning
4143523,31057,03/04/2024,2024-04-03 00:00:00,DATE_ONLY_ASSUMED_MIDNIGHT,LEVEL_1,HIGH,12h,12,2024-04-02 12:00:00,2024-04-03 00:00:00,Operational alert horizon
4143523,31057,03/04/2024,2024-04-03 00:00:00,DATE_ONLY_ASSUMED_MIDNIGHT,LEVEL_1,HIGH,6h,6,2024-04-02 18:00:00,2024-04-03 00:00:00,Immediate warning
4143523,31057,03/04/2024,2024-04-03 00:00:00,DATE_ONLY_ASSUMED_MIDNIGHT,LEVEL_1,HIGH,1h,1,2024-04-02 23:00:00,2024-04-03 00:00:00,Near-failure behaviour
